	long	lat	QOL
0	41.14	-8.69	0.7459067406457602
1	41.14	-8.6875	0.6987086460943535
2	41.14	-8.685	0.651873736539933
3	41.14	-8.682500000000001	0.6104586348759572
4	41.14	-8.680000000000001	0.5755822826874025
5	41.14	-8.677500000000002	0.5485140110463492
6	41.14	-8.675000000000002	0.530588669233313
7	41.14	-8.672500000000003	0.5229993555309679
8	41.14	-8.670000000000002	0.5264697265394749
9	41.14	-8.667500000000004	0.5368851735925846
10	41.14	-8.665000000000003	0.5463711908773449
11	41.14	-8.662500000000005	0.5654928748619532
12	41.14	-8.660000000000005	0.5708344191154262
13	41.14	-8.657500000000006	0.5716305856235809
14	41.14	-8.655000000000006	0.5548417368150667
15	41.14	-8.652500000000009	0.5326629665680204
16	41.14	-8.650000000000007	0.5160123308975958
17	41.14	-8.647500000000008	0.5001059441595096
18	41.14	-8.645000000000008	0.4934399418821231
19	41.14	-8.642500000000009	0.4718719229645899
20	41.14	-8.64000000000001	0.4309019636924204
21	41.14	-8.63750000000001	0.39443299111351643
22	41.14	-8.635000000000009	0.37058112290216305
23	41.14	-8.632500000000013	0.3493167561329438
24	41.14	-8.630000000000011	0.3237964148233183
25	41.14	-8.627500000000014	0.2831271833816814
26	41.14	-8.625000000000012	0.2537549048599837
27	41.14	-8.622500000000013	0.23134425618679225
28	41.14	-8.620000000000013	0.21158642180160242
29	41.14	-8.617500000000014	0.2133030559601116
30	41.14	-8.615000000000013	0.23944928826530334
31	41.14	-8.612500000000015	0.2509074104830837
32	41.14	-8.610000000000014	0.2582453473764583
33	41.14	-8.607500000000016	0.23805805386091483
34	41.14	-8.605000000000016	0.2303083507090875
35	41.14	-8.602500000000019	0.236532930611201
36	41.14	-8.600000000000017	0.2241478790395533
37	41.14	-8.597500000000018	0.22371508184320224
38	41.14	-8.595000000000018	0.2435335081173574
39	41.14	-8.592500000000019	0.2783358057947994
40	41.14	-8.59000000000002	0.30629329273044403
41	41.14	-8.58750000000002	0.3343150782732781
42	41.14	-8.585000000000019	0.34410465448687666
43	41.14	-8.582500000000021	0.36383332461009477
44	41.14	-8.580000000000021	0.3929566875064394
45	41.14	-8.577500000000022	0.4287524249668565
46	41.14	-8.575000000000022	0.471211437732305
47	41.14	-8.572500000000023	0.5202090169911645
48	41.14	-8.570000000000023	0.5753877552376564
49	41.14	-8.567500000000024	0.6050754323948093
50	41.14	-8.565000000000024	0.6331983324665212
51	41.14	-8.562500000000025	0.6687982806629663
52	41.14	-8.560000000000025	0.7105652334537231
53	41.14	-8.557500000000026	0.757463904266172
54	41.1425	-8.69	0.6858662611459577
55	41.1425	-8.6875	0.6391828091953797
56	41.1425	-8.685	0.5919049937094606
57	41.1425	-8.682500000000001	0.5461700962523497
58	41.1425	-8.680000000000001	0.5069623149993627
59	41.1425	-8.677500000000002	0.4758541576960554
60	41.1425	-8.675000000000002	0.4546879990256713
61	41.1425	-8.672500000000003	0.4453375572400297
62	41.1425	-8.670000000000002	0.4491024231866485
63	41.1425	-8.667500000000004	0.4650851080803416
64	41.1425	-8.665000000000003	0.4749232742107401
65	41.1425	-8.662500000000005	0.49530301644294505
66	41.1425	-8.660000000000005	0.5053932568441442
67	41.1425	-8.657500000000006	0.509197454788385
68	41.1425	-8.655000000000006	0.4890346981545788
69	41.1425	-8.652500000000009	0.4652194043123582
70	41.1425	-8.650000000000007	0.4471342754537833
71	41.1425	-8.647500000000008	0.42880184274523475
72	41.1425	-8.645000000000008	0.42229581270780636
73	41.1425	-8.642500000000009	0.41281019108864625
74	41.1425	-8.64000000000001	0.3685743441685591
75	41.1425	-8.63750000000001	0.32579752757817493
76	41.1425	-8.635000000000009	0.29744660799722344
77	41.1425	-8.632500000000013	0.2798897947276349
78	41.1425	-8.630000000000011	0.2650438941587511
79	41.1425	-8.627500000000014	0.22770906845353497
80	41.1425	-8.625000000000012	0.19207571396998302
81	41.1425	-8.622500000000013	0.16911832828615259
82	41.1425	-8.620000000000013	0.16001946289963243
83	41.1425	-8.617500000000014	0.1679955593175106
84	41.1425	-8.615000000000013	0.18763737965685093
85	41.1425	-8.612500000000015	0.21025904913239557
86	41.1425	-8.610000000000014	0.22021440980660242
87	41.1425	-8.607500000000016	0.18732868425502677
88	41.1425	-8.605000000000016	0.1601245515390802
89	41.1425	-8.602500000000019	0.16800538498377446
90	41.1425	-8.600000000000017	0.15449815375376233
91	41.1425	-8.597500000000018	0.1602491745840104
92	41.1425	-8.595000000000018	0.18636881412606265
93	41.1425	-8.592500000000019	0.21763202921567407
94	41.1425	-8.59000000000002	0.24579722297270945
95	41.1425	-8.58750000000002	0.28565645187921695
96	41.1425	-8.585000000000019	0.29727197564546587
97	41.1425	-8.582500000000021	0.3164372504292111
98	41.1425	-8.580000000000021	0.348399836549633
99	41.1425	-8.577500000000022	0.38965822181963394
100	41.1425	-8.575000000000022	0.4350208467533217
101	41.1425	-8.572500000000023	0.48354916647870705
102	41.1425	-8.570000000000023	0.5188893264021623
103	41.1425	-8.567500000000024	0.5425070406099082
104	41.1425	-8.565000000000024	0.5739738355822539
105	41.1425	-8.562500000000025	0.6128423575627455
106	41.1425	-8.560000000000025	0.6579456206081897
107	41.1425	-8.557500000000026	0.7081451499326749
108	41.145	-8.69	0.6298529388574208
109	41.145	-8.6875	0.5789507264805109
110	41.145	-8.685	0.5337740434875612
111	41.145	-8.682500000000001	0.4864257661775065
112	41.145	-8.680000000000001	0.44220349314072155
113	41.145	-8.677500000000002	0.40605365238429725
114	41.145	-8.675000000000002	0.38041491788609877
115	41.145	-8.672500000000003	0.3683063771435172
116	41.145	-8.670000000000002	0.3723241839943322
117	41.145	-8.667500000000004	0.3926662627638092
118	41.145	-8.665000000000003	0.40673449154600066
119	41.145	-8.662500000000005	0.42720499616811797
120	41.145	-8.660000000000005	0.4429405568882702
121	41.145	-8.657500000000006	0.4508965042203749
122	41.145	-8.655000000000006	0.42633788471235545
123	41.145	-8.652500000000009	0.40119730878226745
124	41.145	-8.650000000000007	0.3819691901957614
125	41.145	-8.647500000000008	0.3605016090344523
126	41.145	-8.645000000000008	0.35302435806741783
127	41.145	-8.642500000000009	0.35587525030740763
128	41.145	-8.64000000000001	0.31319354559067897
129	41.145	-8.63750000000001	0.2621730112958504
130	41.145	-8.635000000000009	0.22694188816453165
131	41.145	-8.632500000000013	0.210373995501986
132	41.145	-8.630000000000011	0.2013239706064932
133	41.145	-8.627500000000014	0.18535193984267573
134	41.145	-8.625000000000012	0.14757341349924188
135	41.145	-8.622500000000013	0.12389155207006133
136	41.145	-8.620000000000013	0.12246990722280546
137	41.145	-8.617500000000014	0.1433115955013936
138	41.145	-8.615000000000013	0.17331307933007856
139	41.145	-8.612500000000015	0.2049747521471076
140	41.145	-8.610000000000014	0.21188976270814516
141	41.145	-8.607500000000016	0.1629795099158349
142	41.145	-8.605000000000016	0.1206467775956748
143	41.145	-8.602500000000019	0.1199724553739201
144	41.145	-8.600000000000017	0.1085655838740407
145	41.145	-8.597500000000018	0.12155185724832443
146	41.145	-8.595000000000018	0.14243111927518676
147	41.145	-8.592500000000019	0.16198730421670482
148	41.145	-8.59000000000002	0.19348930711745396
149	41.145	-8.58750000000002	0.2470620181565816
150	41.145	-8.585000000000019	0.2631502323829262
151	41.145	-8.582500000000021	0.27528364157330487
152	41.145	-8.580000000000021	0.3190350832192705
153	41.145	-8.577500000000022	0.3671173174483537
154	41.145	-8.575000000000022	0.41663307303483654
155	41.145	-8.572500000000023	0.4546064239117884
156	41.145	-8.570000000000023	0.46573585654392957
157	41.145	-8.567500000000024	0.48795760447338643
158	41.145	-8.565000000000024	0.5209710955808051
159	41.145	-8.562500000000025	0.5625893825821686
160	41.145	-8.560000000000025	0.6072394091596558
161	41.145	-8.557500000000026	0.6556496951597472
162	41.1475	-8.69	0.5789429859195477
163	41.1475	-8.6875	0.52341220235061
164	41.1475	-8.685	0.47345048026714287
165	41.1475	-8.682500000000001	0.4306967846839613
166	41.1475	-8.680000000000001	0.3832911928196992
167	41.1475	-8.677500000000002	0.3411400954523118
168	41.1475	-8.675000000000002	0.3093200893797503
169	41.1475	-8.672500000000003	0.2924954830429943
170	41.1475	-8.670000000000002	0.29649893332051996
171	41.1475	-8.667500000000004	0.32239790556081843
172	41.1475	-8.665000000000003	0.34482339063306144
173	41.1475	-8.662500000000005	0.3633077843566112
174	41.1475	-8.660000000000005	0.38084789022576704
175	41.1475	-8.657500000000006	0.39634959913822343
176	41.1475	-8.655000000000006	0.36550884009602785
177	41.1475	-8.652500000000009	0.34210038379465985
178	41.1475	-8.650000000000007	0.3227484430299963
179	41.1475	-8.647500000000008	0.2969129623740248
180	41.1475	-8.645000000000008	0.28892550965126845
181	41.1475	-8.642500000000009	0.2979881210476752
182	41.1475	-8.64000000000001	0.2701038421303731
183	41.1475	-8.63750000000001	0.20926695823991906
184	41.1475	-8.635000000000009	0.16163103111170865
185	41.1475	-8.632500000000013	0.14967295270487457
186	41.1475	-8.630000000000011	0.1426813102933101
187	41.1475	-8.627500000000014	0.14131313631243647
188	41.1475	-8.625000000000012	0.12235567866590731
189	41.1475	-8.622500000000013	0.12026005209346909
190	41.1475	-8.620000000000013	0.13412607708618948
191	41.1475	-8.617500000000014	0.12775820669902213
192	41.1475	-8.615000000000013	0.15473840340739442
193	41.1475	-8.612500000000015	0.1973785475230047
194	41.1475	-8.610000000000014	0.1941772739359442
195	41.1475	-8.607500000000016	0.15936588443790142
196	41.1475	-8.605000000000016	0.12133705514578016
197	41.1475	-8.602500000000019	0.10571541163901106
198	41.1475	-8.600000000000017	0.09891963160934487
199	41.1475	-8.597500000000018	0.09510175909304185
200	41.1475	-8.595000000000018	0.10722208933053792
201	41.1475	-8.592500000000019	0.12323281796179111
202	41.1475	-8.59000000000002	0.1556841998030004
203	41.1475	-8.58750000000002	0.21879427281229957
204	41.1475	-8.585000000000019	0.25372306788434756
205	41.1475	-8.582500000000021	0.27379206967935127
206	41.1475	-8.580000000000021	0.31568144569765494
207	41.1475	-8.577500000000022	0.36519740155155334
208	41.1475	-8.575000000000022	0.4160354163084334
209	41.1475	-8.572500000000023	0.4230010641635208
210	41.1475	-8.570000000000023	0.42306111929111406
211	41.1475	-8.567500000000024	0.44119922027235065
212	41.1475	-8.565000000000024	0.471655062707127
213	41.1475	-8.562500000000025	0.5101987038710483
214	41.1475	-8.560000000000025	0.5565978667629434
215	41.1475	-8.557500000000026	0.6085702334894396
216	41.14999999999999	-8.69	0.534286695722476
217	41.14999999999999	-8.6875	0.4740131216463386
218	41.14999999999999	-8.685	0.4187265039068715
219	41.14999999999999	-8.682500000000001	0.3707121518795389
220	41.14999999999999	-8.680000000000001	0.33224146800177967
221	41.14999999999999	-8.677500000000002	0.2847735269524038
222	41.14999999999999	-8.675000000000002	0.2452690874720082
223	41.14999999999999	-8.672500000000003	0.22003837826266254
224	41.14999999999999	-8.670000000000002	0.22259947228411442
225	41.14999999999999	-8.667500000000004	0.25914289378886746
226	41.14999999999999	-8.665000000000003	0.29609451039124296
227	41.14999999999999	-8.662500000000005	0.3115249997324272
228	41.14999999999999	-8.660000000000005	0.32868185851766757
229	41.14999999999999	-8.657500000000006	0.34892881841880086
230	41.14999999999999	-8.655000000000006	0.30727546616514567
231	41.14999999999999	-8.652500000000009	0.2863326921883943
232	41.14999999999999	-8.650000000000007	0.27192273323695204
233	41.14999999999999	-8.647500000000008	0.2409980802545763
234	41.14999999999999	-8.645000000000008	0.23666818068109033
235	41.14999999999999	-8.642500000000009	0.24736851405559565
236	41.14999999999999	-8.64000000000001	0.24411860480282882
237	41.14999999999999	-8.63750000000001	0.18174353169211485
238	41.14999999999999	-8.635000000000009	0.12824182856874614
239	41.14999999999999	-8.632500000000013	0.11359968277354511
240	41.14999999999999	-8.630000000000011	0.11100251811473949
241	41.14999999999999	-8.627500000000014	0.0996781232924786
242	41.14999999999999	-8.625000000000012	0.09787522112085803
243	41.14999999999999	-8.622500000000013	0.1294250280695004
244	41.14999999999999	-8.620000000000013	0.131681978015957
245	41.14999999999999	-8.617500000000014	0.1252579150221029
246	41.14999999999999	-8.615000000000013	0.1456433413195324
247	41.14999999999999	-8.612500000000015	0.1741312386381992
248	41.14999999999999	-8.610000000000014	0.1646069841691569
249	41.14999999999999	-8.607500000000016	0.14228489307948722
250	41.14999999999999	-8.605000000000016	0.11754726269688476
251	41.14999999999999	-8.602500000000019	0.09874964654251601
252	41.14999999999999	-8.600000000000017	0.1036849635655254
253	41.14999999999999	-8.597500000000018	0.12225197067031283
254	41.14999999999999	-8.595000000000018	0.12866117949569336
255	41.14999999999999	-8.592500000000019	0.13914300167015103
256	41.14999999999999	-8.59000000000002	0.16646493558409234
257	41.14999999999999	-8.58750000000002	0.21535218691396454
258	41.14999999999999	-8.585000000000019	0.268968271742116
259	41.14999999999999	-8.582500000000021	0.2960327796296959
260	41.14999999999999	-8.580000000000021	0.33482401183955735
261	41.14999999999999	-8.577500000000022	0.379332908147098
262	41.14999999999999	-8.575000000000022	0.40290619958740753
263	41.14999999999999	-8.572500000000023	0.38840538290855303
264	41.14999999999999	-8.570000000000023	0.3811852136102981
265	41.14999999999999	-8.567500000000024	0.39008794736891017
266	41.14999999999999	-8.565000000000024	0.42029101175052175
267	41.14999999999999	-8.562500000000025	0.4630581184439441
268	41.14999999999999	-8.560000000000025	0.5133006354753624
269	41.14999999999999	-8.557500000000026	0.5686751617750513
270	41.15249999999999	-8.69	0.49739913326084745
271	41.15249999999999	-8.6875	0.43239118195129705
272	41.15249999999999	-8.685	0.3715521727489807
273	41.15249999999999	-8.682500000000001	0.3176230626998097
274	41.15249999999999	-8.680000000000001	0.2743215104086708
275	41.15249999999999	-8.677500000000002	0.24201708511176695
276	41.15249999999999	-8.675000000000002	0.196608047234436
277	41.15249999999999	-8.672500000000003	0.1610085597728268
278	41.15249999999999	-8.670000000000002	0.16276188379726217
279	41.15249999999999	-8.667500000000004	0.21400380014551101
280	41.15249999999999	-8.665000000000003	0.2677245031697492
281	41.15249999999999	-8.662500000000005	0.2922471435541739
282	41.15249999999999	-8.660000000000005	0.3001549708477229
283	41.15249999999999	-8.657500000000006	0.3114051949174312
284	41.15249999999999	-8.655000000000006	0.27571181244153503
285	41.15249999999999	-8.652500000000009	0.249425155872908
286	41.15249999999999	-8.650000000000007	0.22985647607498536
287	41.15249999999999	-8.647500000000008	0.20865212966029217
288	41.15249999999999	-8.645000000000008	0.21017741783020422
289	41.15249999999999	-8.642500000000009	0.22708129258084045
290	41.15249999999999	-8.64000000000001	0.23366081722329693
291	41.15249999999999	-8.63750000000001	0.19145120655367753
292	41.15249999999999	-8.635000000000009	0.1502548201906772
293	41.15249999999999	-8.632500000000013	0.11516413194516617
294	41.15249999999999	-8.630000000000011	0.08526979559179408
295	41.15249999999999	-8.627500000000014	0.07481787962011707
296	41.15249999999999	-8.625000000000012	0.07103283135705823
297	41.15249999999999	-8.622500000000013	0.08057389859846081
298	41.15249999999999	-8.620000000000013	0.10704291519757926
299	41.15249999999999	-8.617500000000014	0.13506101442841428
300	41.15249999999999	-8.615000000000013	0.1516119925611262
301	41.15249999999999	-8.612500000000015	0.16917984870377895
302	41.15249999999999	-8.610000000000014	0.15962120381891412
303	41.15249999999999	-8.607500000000016	0.11557637813321955
304	41.15249999999999	-8.605000000000016	0.089615039357608
305	41.15249999999999	-8.602500000000019	0.07985335813015235
306	41.15249999999999	-8.600000000000017	0.10619825465258945
307	41.15249999999999	-8.597500000000018	0.13711185756111582
308	41.15249999999999	-8.595000000000018	0.16092886737109988
309	41.15249999999999	-8.592500000000019	0.18856330006998048
310	41.15249999999999	-8.59000000000002	0.1927661819514788
311	41.15249999999999	-8.58750000000002	0.22392391432869982
312	41.15249999999999	-8.585000000000019	0.2755315617121367
313	41.15249999999999	-8.582500000000021	0.3089785679878034
314	41.15249999999999	-8.580000000000021	0.33644931048671933
315	41.15249999999999	-8.577500000000022	0.3620765817086872
316	41.15249999999999	-8.575000000000022	0.37836948017074357
317	41.15249999999999	-8.572500000000023	0.3533692828930828
318	41.15249999999999	-8.570000000000023	0.33334757618444977
319	41.15249999999999	-8.567500000000024	0.33965830406948255
320	41.15249999999999	-8.565000000000024	0.37809072939465527
321	41.15249999999999	-8.562500000000025	0.4253685256684296
322	41.15249999999999	-8.560000000000025	0.47892148315664973
323	41.15249999999999	-8.557500000000026	0.5371225793853911
324	41.15499999999999	-8.69	0.4706033168518916
325	41.15499999999999	-8.6875	0.40078400371595496
326	41.15499999999999	-8.685	0.334311814144556
327	41.15499999999999	-8.682500000000001	0.27381933686544124
328	41.15499999999999	-8.680000000000001	0.2255648463561573
329	41.15499999999999	-8.677500000000002	0.19500843350874977
330	41.15499999999999	-8.675000000000002	0.1720015931068937
331	41.15499999999999	-8.672500000000003	0.14167438543001032
332	41.15499999999999	-8.670000000000002	0.1501197817317568
333	41.15499999999999	-8.667500000000004	0.1945031327434366
334	41.15499999999999	-8.665000000000003	0.2423641475234752
335	41.15499999999999	-8.662500000000005	0.25540312499432644
336	41.15499999999999	-8.660000000000005	0.24669527273309994
337	41.15499999999999	-8.657500000000006	0.27426490419148714
338	41.15499999999999	-8.655000000000006	0.26274764477950324
339	41.15499999999999	-8.652500000000009	0.2400667676096539
340	41.15499999999999	-8.650000000000007	0.20592229586014227
341	41.15499999999999	-8.647500000000008	0.18534035577643773
342	41.15499999999999	-8.645000000000008	0.19148862116554846
343	41.15499999999999	-8.642500000000009	0.22156236093522974
344	41.15499999999999	-8.64000000000001	0.23815236170300225
345	41.15499999999999	-8.63750000000001	0.22262717852139094
346	41.15499999999999	-8.635000000000009	0.18303734334562854
347	41.15499999999999	-8.632500000000013	0.13712174566110566
348	41.15499999999999	-8.630000000000011	0.09774951252236333
349	41.15499999999999	-8.627500000000014	0.09429255625335967
350	41.15499999999999	-8.625000000000012	0.08499086044784242
351	41.15499999999999	-8.622500000000013	0.06684425161285219
352	41.15499999999999	-8.620000000000013	0.10021132520820335
353	41.15499999999999	-8.617500000000014	0.1158136519694862
354	41.15499999999999	-8.615000000000013	0.12225469574639582
355	41.15499999999999	-8.612500000000015	0.14157958809859092
356	41.15499999999999	-8.610000000000014	0.15324625394595343
357	41.15499999999999	-8.607500000000016	0.10601496659758475
358	41.15499999999999	-8.605000000000016	0.08581783986797302
359	41.15499999999999	-8.602500000000019	0.07846883694399455
360	41.15499999999999	-8.600000000000017	0.11489482610595882
361	41.15499999999999	-8.597500000000018	0.14224405006442795
362	41.15499999999999	-8.595000000000018	0.17321999622931777
363	41.15499999999999	-8.592500000000019	0.18784300085202865
364	41.15499999999999	-8.59000000000002	0.1854059818401383
365	41.15499999999999	-8.58750000000002	0.21809860778212714
366	41.15499999999999	-8.585000000000019	0.27157721402378
367	41.15499999999999	-8.582500000000021	0.298964015780032
368	41.15499999999999	-8.580000000000021	0.3189069300327222
369	41.15499999999999	-8.577500000000022	0.33981715496005815
370	41.15499999999999	-8.575000000000022	0.3367806076072094
371	41.15499999999999	-8.572500000000023	0.326039076979521
372	41.15499999999999	-8.570000000000023	0.30848356357636947
373	41.15499999999999	-8.567500000000024	0.31628872469998937
374	41.15499999999999	-8.565000000000024	0.3516179027324142
375	41.15499999999999	-8.562500000000025	0.39957608531410693
376	41.15499999999999	-8.560000000000025	0.45480883437360853
377	41.15499999999999	-8.557500000000026	0.5148756790981069
378	41.15749999999999	-8.69	0.4561924647701614
379	41.15749999999999	-8.6875	0.3829147758818005
380	41.15749999999999	-8.685	0.31094254061187343
381	41.15749999999999	-8.682500000000001	0.24274396236278054
382	41.15749999999999	-8.680000000000001	0.18779754842318935
383	41.15749999999999	-8.677500000000002	0.16348659095503218
384	41.15749999999999	-8.675000000000002	0.15584930155152443
385	41.15749999999999	-8.672500000000003	0.14616042198103538
386	41.15749999999999	-8.670000000000002	0.15719847611454582
387	41.15749999999999	-8.667500000000004	0.19816148034934922
388	41.15749999999999	-8.665000000000003	0.23128370742368243
389	41.15749999999999	-8.662500000000005	0.23913204212213646
390	41.15749999999999	-8.660000000000005	0.23860336363618065
391	41.15749999999999	-8.657500000000006	0.25904803316096386
392	41.15749999999999	-8.655000000000006	0.2510897397591295
393	41.15749999999999	-8.652500000000009	0.24253419849687347
394	41.15749999999999	-8.650000000000007	0.21406258768257097
395	41.15749999999999	-8.647500000000008	0.19904563538313555
396	41.15749999999999	-8.645000000000008	0.20411959291778814
397	41.15749999999999	-8.642500000000009	0.22466667669658316
398	41.15749999999999	-8.64000000000001	0.22401237020648404
399	41.15749999999999	-8.63750000000001	0.2018809196031496
400	41.15749999999999	-8.635000000000009	0.20477508254371002
401	41.15749999999999	-8.632500000000013	0.1695191797732462
402	41.15749999999999	-8.630000000000011	0.14161228749320887
403	41.15749999999999	-8.627500000000014	0.14437430603195778
404	41.15749999999999	-8.625000000000012	0.1354271150137915
405	41.15749999999999	-8.622500000000013	0.11657129180984208
406	41.15749999999999	-8.620000000000013	0.11560622374265103
407	41.15749999999999	-8.617500000000014	0.09776412070665638
408	41.15749999999999	-8.615000000000013	0.11017670539426616
409	41.15749999999999	-8.612500000000015	0.1427660272264667
410	41.15749999999999	-8.610000000000014	0.14585781886777538
411	41.15749999999999	-8.607500000000016	0.13308149763671084
412	41.15749999999999	-8.605000000000016	0.10613297862616995
413	41.15749999999999	-8.602500000000019	0.10193811176526751
414	41.15749999999999	-8.600000000000017	0.11910499461551702
415	41.15749999999999	-8.597500000000018	0.14480441923334403
416	41.15749999999999	-8.595000000000018	0.17455743803476187
417	41.15749999999999	-8.592500000000019	0.18618861225561895
418	41.15749999999999	-8.59000000000002	0.18780264612019604
419	41.15749999999999	-8.58750000000002	0.2176214890529486
420	41.15749999999999	-8.585000000000019	0.2667004703071905
421	41.15749999999999	-8.582500000000021	0.2928843546481451
422	41.15749999999999	-8.580000000000021	0.2971305257133761
423	41.15749999999999	-8.577500000000022	0.2961315954297431
424	41.15749999999999	-8.575000000000022	0.2782258637552724
425	41.15749999999999	-8.572500000000023	0.28352374586384727
426	41.15749999999999	-8.570000000000023	0.2962654246061868
427	41.15749999999999	-8.567500000000024	0.30098395778979387
428	41.15749999999999	-8.565000000000024	0.3299757343457834
429	41.15749999999999	-8.562500000000025	0.37617065545907863
430	41.15749999999999	-8.560000000000025	0.43184504700124726
431	41.15749999999999	-8.557500000000026	0.49292327556093185
432	41.159999999999975	-8.69	0.4560520916217694
433	41.159999999999975	-8.6875	0.3823027457453434
434	41.159999999999975	-8.685	0.30909037365010905
435	41.159999999999975	-8.682500000000001	0.23685391429883826
436	41.159999999999975	-8.680000000000001	0.1753021835593569
437	41.159999999999975	-8.677500000000002	0.1639500109339283
438	41.159999999999975	-8.675000000000002	0.16271200023312443
439	41.159999999999975	-8.672500000000003	0.17112758023210378
440	41.159999999999975	-8.670000000000002	0.18573707424289257
441	41.159999999999975	-8.667500000000004	0.20773554496596738
442	41.159999999999975	-8.665000000000003	0.2149907525445269
443	41.159999999999975	-8.662500000000005	0.21840394291282314
444	41.159999999999975	-8.660000000000005	0.2152884469947574
445	41.159999999999975	-8.657500000000006	0.24297409362937572
446	41.159999999999975	-8.655000000000006	0.25208888059285717
447	41.159999999999975	-8.652500000000009	0.26159716017628815
448	41.159999999999975	-8.650000000000007	0.24264352469773764
449	41.159999999999975	-8.647500000000008	0.22740474161109872
450	41.159999999999975	-8.645000000000008	0.22576096567774087
451	41.159999999999975	-8.642500000000009	0.21966011852559544
452	41.159999999999975	-8.64000000000001	0.20268573573627638
453	41.159999999999975	-8.63750000000001	0.19270682674400014
454	41.159999999999975	-8.635000000000009	0.21248314404960278
455	41.159999999999975	-8.632500000000013	0.22495704800583086
456	41.159999999999975	-8.630000000000011	0.20516276224303365
457	41.159999999999975	-8.627500000000014	0.19113048047871734
458	41.159999999999975	-8.625000000000012	0.17839912721198103
459	41.159999999999975	-8.622500000000013	0.15767294717340097
460	41.159999999999975	-8.620000000000013	0.1369612047278146
461	41.159999999999975	-8.617500000000014	0.12726291478766627
462	41.159999999999975	-8.615000000000013	0.13086126995361164
463	41.159999999999975	-8.612500000000015	0.13286757682499917
464	41.159999999999975	-8.610000000000014	0.1090304591552672
465	41.159999999999975	-8.607500000000016	0.09866696243804668
466	41.159999999999975	-8.605000000000016	0.10295305599706958
467	41.159999999999975	-8.602500000000019	0.09508089051636051
468	41.159999999999975	-8.600000000000017	0.08679239551934446
469	41.159999999999975	-8.597500000000018	0.13422144647968015
470	41.159999999999975	-8.595000000000018	0.17691013031296807
471	41.159999999999975	-8.592500000000019	0.20811428212109417
472	41.159999999999975	-8.59000000000002	0.21085365861793023
473	41.159999999999975	-8.58750000000002	0.21795755443582043
474	41.159999999999975	-8.585000000000019	0.2501024543779824
475	41.159999999999975	-8.582500000000021	0.29459731583605353
476	41.159999999999975	-8.580000000000021	0.2885552965805925
477	41.159999999999975	-8.577500000000022	0.25709451660786375
478	41.159999999999975	-8.575000000000022	0.22718235547785434
479	41.159999999999975	-8.572500000000023	0.23522757591493088
480	41.159999999999975	-8.570000000000023	0.24254643608413623
481	41.159999999999975	-8.567500000000024	0.25079634626331304
482	41.159999999999975	-8.565000000000024	0.29106000811180605
483	41.159999999999975	-8.562500000000025	0.3475971646702617
484	41.159999999999975	-8.560000000000025	0.40977494928979463
485	41.159999999999975	-8.557500000000026	0.4750588958662594
486	41.16249999999997	-8.69	0.4705797222661947
487	41.16249999999997	-8.6875	0.3999374540313906
488	41.16249999999997	-8.685	0.33179227901747477
489	41.16249999999997	-8.682500000000001	0.2695778598690034
490	41.16249999999997	-8.680000000000001	0.22339810535379773
491	41.16249999999997	-8.677500000000002	0.20249311865531172
492	41.16249999999997	-8.675000000000002	0.19746465622183657
493	41.16249999999997	-8.672500000000003	0.2004294592940786
494	41.16249999999997	-8.670000000000002	0.1917596753691515
495	41.16249999999997	-8.667500000000004	0.19948542086541587
496	41.16249999999997	-8.665000000000003	0.20047398784280346
497	41.16249999999997	-8.662500000000005	0.2027130784517732
498	41.16249999999997	-8.660000000000005	0.20422643711000707
499	41.16249999999997	-8.657500000000006	0.24617008205220273
500	41.16249999999997	-8.655000000000006	0.26759888543017474
501	41.16249999999997	-8.652500000000009	0.27683317912789873
502	41.16249999999997	-8.650000000000007	0.2815537544801231
503	41.16249999999997	-8.647500000000008	0.266570767909578
504	41.16249999999997	-8.645000000000008	0.2375470338628531
505	41.16249999999997	-8.642500000000009	0.22479997199494398
506	41.16249999999997	-8.64000000000001	0.19545177069711225
507	41.16249999999997	-8.63750000000001	0.18720527948666482
508	41.16249999999997	-8.635000000000009	0.20715097461327828
509	41.16249999999997	-8.632500000000013	0.2355868603449948
510	41.16249999999997	-8.630000000000011	0.24591682940593806
511	41.16249999999997	-8.627500000000014	0.23773149937818544
512	41.16249999999997	-8.625000000000012	0.21922126032099715
513	41.16249999999997	-8.622500000000013	0.19769101757967278
514	41.16249999999997	-8.620000000000013	0.15915454486528968
515	41.16249999999997	-8.617500000000014	0.13866761343476253
516	41.16249999999997	-8.615000000000013	0.13557290421793008
517	41.16249999999997	-8.612500000000015	0.12625572370187066
518	41.16249999999997	-8.610000000000014	0.10877142298767978
519	41.16249999999997	-8.607500000000016	0.11290735549612452
520	41.16249999999997	-8.605000000000016	0.1268613046514533
521	41.16249999999997	-8.602500000000019	0.11747305084994893
522	41.16249999999997	-8.600000000000017	0.11121872017764889
523	41.16249999999997	-8.597500000000018	0.14561514809369797
524	41.16249999999997	-8.595000000000018	0.199820217114872
525	41.16249999999997	-8.592500000000019	0.23360749075520676
526	41.16249999999997	-8.59000000000002	0.22272080220940785
527	41.16249999999997	-8.58750000000002	0.2193496650367997
528	41.16249999999997	-8.585000000000019	0.2355156925773993
529	41.16249999999997	-8.582500000000021	0.2613209672936923
530	41.16249999999997	-8.580000000000021	0.26766478293205825
531	41.16249999999997	-8.577500000000022	0.2394323772514071
532	41.16249999999997	-8.575000000000022	0.217042372996397
533	41.16249999999997	-8.572500000000023	0.20888733164164563
534	41.16249999999997	-8.570000000000023	0.19636923016355434
535	41.16249999999997	-8.567500000000024	0.21036983596749506
536	41.16249999999997	-8.565000000000024	0.26993423185817195
537	41.16249999999997	-8.562500000000025	0.337610261946703
538	41.16249999999997	-8.560000000000025	0.4028807846046349
539	41.16249999999997	-8.557500000000026	0.4699940936765289
540	41.16499999999998	-8.69	0.49828251833432086
541	41.16499999999998	-8.6875	0.4329255080851892
542	41.16499999999998	-8.685	0.37219639457176656
543	41.16499999999998	-8.682500000000001	0.3196501881845587
544	41.16499999999998	-8.680000000000001	0.28052732721538215
545	41.16499999999998	-8.677500000000002	0.2581889174647463
546	41.16499999999998	-8.675000000000002	0.24789761681322525
547	41.16499999999998	-8.672500000000003	0.21352624371021706
548	41.16499999999998	-8.670000000000002	0.18163781356678022
549	41.16499999999998	-8.667500000000004	0.17687341760511338
550	41.16499999999998	-8.665000000000003	0.19441480895913432
551	41.16499999999998	-8.662500000000005	0.19947386360040273
552	41.16499999999998	-8.660000000000005	0.21998373711208438
553	41.16499999999998	-8.657500000000006	0.27126284466115885
554	41.16499999999998	-8.655000000000006	0.29308272739040214
555	41.16499999999998	-8.652500000000009	0.28537644946908414
556	41.16499999999998	-8.650000000000007	0.29144936547403266
557	41.16499999999998	-8.647500000000008	0.29435043691632423
558	41.16499999999998	-8.645000000000008	0.2638095663944627
559	41.16499999999998	-8.642500000000009	0.2243328831983517
560	41.16499999999998	-8.64000000000001	0.19743521709283746
561	41.16499999999998	-8.63750000000001	0.19540718361574733
562	41.16499999999998	-8.635000000000009	0.2069797982062914
563	41.16499999999998	-8.632500000000013	0.22573901961540682
564	41.16499999999998	-8.630000000000011	0.2201474760008707
565	41.16499999999998	-8.627500000000014	0.2229917126425378
566	41.16499999999998	-8.625000000000012	0.22452392987987768
567	41.16499999999998	-8.622500000000013	0.22395542286484033
568	41.16499999999998	-8.620000000000013	0.20516540604797812
569	41.16499999999998	-8.617500000000014	0.17966268081755615
570	41.16499999999998	-8.615000000000013	0.15572774873002856
571	41.16499999999998	-8.612500000000015	0.13775278117052572
572	41.16499999999998	-8.610000000000014	0.1078135501849959
573	41.16499999999998	-8.607500000000016	0.116315222956523
574	41.16499999999998	-8.605000000000016	0.13777480441724396
575	41.16499999999998	-8.602500000000019	0.12019826577632084
576	41.16499999999998	-8.600000000000017	0.11112532818351124
577	41.16499999999998	-8.597500000000018	0.14964046353017782
578	41.16499999999998	-8.595000000000018	0.21048900913649451
579	41.16499999999998	-8.592500000000019	0.24893846230158842
580	41.16499999999998	-8.59000000000002	0.24473250370085653
581	41.16499999999998	-8.58750000000002	0.22787036942466954
582	41.16499999999998	-8.585000000000019	0.21772019340847323
583	41.16499999999998	-8.582500000000021	0.2308122814335518
584	41.16499999999998	-8.580000000000021	0.23031978324376925
585	41.16499999999998	-8.577500000000022	0.21333978308702473
586	41.16499999999998	-8.575000000000022	0.18407582284357604
587	41.16499999999998	-8.572500000000023	0.17495890883738538
588	41.16499999999998	-8.570000000000023	0.18306365403416455
589	41.16499999999998	-8.567500000000024	0.21784417200985828
590	41.16499999999998	-8.565000000000024	0.27341826371890027
591	41.16499999999998	-8.562500000000025	0.3393210869133282
592	41.16499999999998	-8.560000000000025	0.40931288823464146
593	41.16499999999998	-8.557500000000026	0.47873923081332687
594	41.167499999999976	-8.69	0.5366571549735248
595	41.167499999999976	-8.6875	0.47709692817072974
596	41.167499999999976	-8.685	0.4232703866731646
597	41.167499999999976	-8.682500000000001	0.37783305453661264
598	41.167499999999976	-8.680000000000001	0.34076216128024905
599	41.167499999999976	-8.677500000000002	0.3004834767545059
600	41.167499999999976	-8.675000000000002	0.2595614218450736
601	41.167499999999976	-8.672500000000003	0.21817154772554384
602	41.167499999999976	-8.670000000000002	0.17856151211148946
603	41.167499999999976	-8.667500000000004	0.16886060293434513
604	41.167499999999976	-8.665000000000003	0.19832147896854382
605	41.167499999999976	-8.662500000000005	0.21894436486334512
606	41.167499999999976	-8.660000000000005	0.2573762976147038
607	41.167499999999976	-8.657500000000006	0.3015346864177919
608	41.167499999999976	-8.655000000000006	0.3087713556999242
609	41.167499999999976	-8.652500000000009	0.30311389273503564
610	41.167499999999976	-8.650000000000007	0.3092849554152359
611	41.167499999999976	-8.647500000000008	0.3235639002458607
612	41.167499999999976	-8.645000000000008	0.28992923494321865
613	41.167499999999976	-8.642500000000009	0.23953779858521582
614	41.167499999999976	-8.64000000000001	0.20318753569621736
615	41.167499999999976	-8.63750000000001	0.20039915144982676
616	41.167499999999976	-8.635000000000009	0.21426885646947938
617	41.167499999999976	-8.632500000000013	0.21946751358198302
618	41.167499999999976	-8.630000000000011	0.20979465120129095
619	41.167499999999976	-8.627500000000014	0.21865091562591096
620	41.167499999999976	-8.625000000000012	0.2281740751939317
621	41.167499999999976	-8.622500000000013	0.23648970238306713
622	41.167499999999976	-8.620000000000013	0.23974415077377545
623	41.167499999999976	-8.617500000000014	0.21918321285835565
624	41.167499999999976	-8.615000000000013	0.1786968757446622
625	41.167499999999976	-8.612500000000015	0.16662852957735136
626	41.167499999999976	-8.610000000000014	0.14492081366551232
627	41.167499999999976	-8.607500000000016	0.13506283292549828
628	41.167499999999976	-8.605000000000016	0.15032121044752256
629	41.167499999999976	-8.602500000000019	0.11892100414591121
630	41.167499999999976	-8.600000000000017	0.09803964497309188
631	41.167499999999976	-8.597500000000018	0.14500818880141167
632	41.167499999999976	-8.595000000000018	0.20279438228583804
633	41.167499999999976	-8.592500000000019	0.24436100190811488
634	41.167499999999976	-8.59000000000002	0.24689721142386112
635	41.167499999999976	-8.58750000000002	0.23208458429295067
636	41.167499999999976	-8.585000000000019	0.21104407382105228
637	41.167499999999976	-8.582500000000021	0.20083431059403223
638	41.167499999999976	-8.580000000000021	0.20611176336564152
639	41.167499999999976	-8.577500000000022	0.1943016668794299
640	41.167499999999976	-8.575000000000022	0.19477057042796753
641	41.167499999999976	-8.572500000000023	0.1855103166282988
642	41.167499999999976	-8.570000000000023	0.2055445172395974
643	41.167499999999976	-8.567500000000024	0.24991574774777198
644	41.167499999999976	-8.565000000000024	0.30124341294383705
645	41.167499999999976	-8.562500000000025	0.35923714061583784
646	41.167499999999976	-8.560000000000025	0.42395544672943597
647	41.167499999999976	-8.557500000000026	0.49227609120102883
648	41.169999999999966	-8.69	0.5832539066474695
649	41.169999999999966	-8.6875	0.5290674743234566
650	41.169999999999966	-8.685	0.4765861393259873
651	41.169999999999966	-8.682500000000001	0.428691911641538
652	41.169999999999966	-8.680000000000001	0.368812962663975
653	41.169999999999966	-8.677500000000002	0.31308363454773824
654	41.169999999999966	-8.675000000000002	0.26230396813829904
655	41.169999999999966	-8.672500000000003	0.21949898393795117
656	41.169999999999966	-8.670000000000002	0.19895639150151903
657	41.169999999999966	-8.667500000000004	0.19201265416423308
658	41.169999999999966	-8.665000000000003	0.21270188852437424
659	41.169999999999966	-8.662500000000005	0.22020192429924945
660	41.169999999999966	-8.660000000000005	0.2573683670917326
661	41.169999999999966	-8.657500000000006	0.30637377222553985
662	41.169999999999966	-8.655000000000006	0.3094689134368733
663	41.169999999999966	-8.652500000000009	0.3150787638854691
664	41.169999999999966	-8.650000000000007	0.32736756555185575
665	41.169999999999966	-8.647500000000008	0.3303536264405987
666	41.169999999999966	-8.645000000000008	0.31436662637729024
667	41.169999999999966	-8.642500000000009	0.27890740891989746
668	41.169999999999966	-8.64000000000001	0.24951410538614155
669	41.169999999999966	-8.63750000000001	0.2376272199887801
670	41.169999999999966	-8.635000000000009	0.24062473792576047
671	41.169999999999966	-8.632500000000013	0.22594443762274932
672	41.169999999999966	-8.630000000000011	0.22182201832927942
673	41.169999999999966	-8.627500000000014	0.23668684876547988
674	41.169999999999966	-8.625000000000012	0.2574529041811498
675	41.169999999999966	-8.622500000000013	0.2640957632781447
676	41.169999999999966	-8.620000000000013	0.2551084609606586
677	41.169999999999966	-8.617500000000014	0.2272715827534134
678	41.169999999999966	-8.615000000000013	0.19350268431020473
679	41.169999999999966	-8.612500000000015	0.1857953903721317
680	41.169999999999966	-8.610000000000014	0.18419833135907385
681	41.169999999999966	-8.607500000000016	0.162807883912145
682	41.169999999999966	-8.605000000000016	0.15676317563890815
683	41.169999999999966	-8.602500000000019	0.10931360809945644
684	41.169999999999966	-8.600000000000017	0.09528160718499365
685	41.169999999999966	-8.597500000000018	0.14432170507883788
686	41.169999999999966	-8.595000000000018	0.1947562643988735
687	41.169999999999966	-8.592500000000019	0.2265930734594254
688	41.169999999999966	-8.59000000000002	0.22178861989692072
689	41.169999999999966	-8.58750000000002	0.20672868311055884
690	41.169999999999966	-8.585000000000019	0.18559681696871175
691	41.169999999999966	-8.582500000000021	0.17316700677728658
692	41.169999999999966	-8.580000000000021	0.1719441608165155
693	41.169999999999966	-8.577500000000022	0.19208882324532167
694	41.169999999999966	-8.575000000000022	0.20814343431824658
695	41.169999999999966	-8.572500000000023	0.2287927354873087
696	41.169999999999966	-8.570000000000023	0.24787455356436405
697	41.169999999999966	-8.567500000000024	0.28637109808890465
698	41.169999999999966	-8.565000000000024	0.33912414884238
699	41.169999999999966	-8.562500000000025	0.39336852440446796
700	41.169999999999966	-8.560000000000025	0.4519270029747936
701	41.169999999999966	-8.557500000000026	0.5155099791140011
702	41.172499999999964	-8.69	0.6295804340408381
703	41.172499999999964	-8.6875	0.5719724081333398
704	41.172499999999964	-8.685	0.5108157134868108
705	41.172499999999964	-8.682500000000001	0.44899884840817
706	41.172499999999964	-8.680000000000001	0.39047965599677614
707	41.172499999999964	-8.677500000000002	0.3358778864738889
708	41.172499999999964	-8.675000000000002	0.2860829184270486
709	41.172499999999964	-8.672500000000003	0.24399220784006476
710	41.172499999999964	-8.670000000000002	0.22895678647029566
711	41.172499999999964	-8.667500000000004	0.23957270144803922
712	41.172499999999964	-8.665000000000003	0.24327014390111149
713	41.172499999999964	-8.662500000000005	0.25390014818647394
714	41.172499999999964	-8.660000000000005	0.2721235563793967
715	41.172499999999964	-8.657500000000006	0.30207238877644715
716	41.172499999999964	-8.655000000000006	0.33466853046604367
717	41.172499999999964	-8.652500000000009	0.34456227700271724
718	41.172499999999964	-8.650000000000007	0.3395999332531517
719	41.172499999999964	-8.647500000000008	0.3364988192560259
720	41.172499999999964	-8.645000000000008	0.31733944617476617
721	41.172499999999964	-8.642500000000009	0.2821368578578142
722	41.172499999999964	-8.64000000000001	0.2680892994247205
723	41.172499999999964	-8.63750000000001	0.27242370810615235
724	41.172499999999964	-8.635000000000009	0.28387753355331335
725	41.172499999999964	-8.632500000000013	0.2721510146801225
726	41.172499999999964	-8.630000000000011	0.2775801047464761
727	41.172499999999964	-8.627500000000014	0.287626913346777
728	41.172499999999964	-8.625000000000012	0.30990678866448
729	41.172499999999964	-8.622500000000013	0.2995754794869575
730	41.172499999999964	-8.620000000000013	0.2721589552460813
731	41.172499999999964	-8.617500000000014	0.24387170751532888
732	41.172499999999964	-8.615000000000013	0.21433997929966336
733	41.172499999999964	-8.612500000000015	0.19653115880876607
734	41.172499999999964	-8.610000000000014	0.18831513661455515
735	41.172499999999964	-8.607500000000016	0.18094907731369275
736	41.172499999999964	-8.605000000000016	0.17959605738035817
737	41.172499999999964	-8.602500000000019	0.13804822340181924
738	41.172499999999964	-8.600000000000017	0.13775457170313193
739	41.172499999999964	-8.597500000000018	0.1672383214670542
740	41.172499999999964	-8.595000000000018	0.20328180409922836
741	41.172499999999964	-8.592500000000019	0.22132307755066
742	41.172499999999964	-8.59000000000002	0.21087621962928746
743	41.172499999999964	-8.58750000000002	0.19826475023344392
744	41.172499999999964	-8.585000000000019	0.1890249149414875
745	41.172499999999964	-8.582500000000021	0.17012441699406639
746	41.172499999999964	-8.580000000000021	0.1498268059622155
747	41.172499999999964	-8.577500000000022	0.18507253337380497
748	41.172499999999964	-8.575000000000022	0.229165421670124
749	41.172499999999964	-8.572500000000023	0.252870972282348
750	41.172499999999964	-8.570000000000023	0.2851711016183627
751	41.172499999999964	-8.567500000000024	0.31826818037922044
752	41.172499999999964	-8.565000000000024	0.3646687130523262
753	41.172499999999964	-8.562500000000025	0.4201790560650378
754	41.172499999999964	-8.560000000000025	0.4816114085269105
755	41.172499999999964	-8.557500000000026	0.5468597096550031
756	41.17499999999997	-8.69	0.6654817974881387
757	41.17499999999997	-8.6875	0.6010538935812768
758	41.17499999999997	-8.685	0.5390050508408484
759	41.17499999999997	-8.682500000000001	0.4799123085401127
760	41.17499999999997	-8.680000000000001	0.4244973128858939
761	41.17499999999997	-8.677500000000002	0.3738016047214216
762	41.17499999999997	-8.675000000000002	0.3297572597908373
763	41.17499999999997	-8.672500000000003	0.29669977007890147
764	41.17499999999997	-8.670000000000002	0.2814068377404322
765	41.17499999999997	-8.667500000000004	0.28493141342110573
766	41.17499999999997	-8.665000000000003	0.2885764835826779
767	41.17499999999997	-8.662500000000005	0.2973060711203494
768	41.17499999999997	-8.660000000000005	0.3044687629706749
769	41.17499999999997	-8.657500000000006	0.32857615932300993
770	41.17499999999997	-8.655000000000006	0.36714011129118335
771	41.17499999999997	-8.652500000000009	0.38083030921114924
772	41.17499999999997	-8.650000000000007	0.3698900348679432
773	41.17499999999997	-8.647500000000008	0.3397163967694854
774	41.17499999999997	-8.645000000000008	0.3130351254869641
775	41.17499999999997	-8.642500000000009	0.3025911799604549
776	41.17499999999997	-8.64000000000001	0.2856124789981947
777	41.17499999999997	-8.63750000000001	0.30332118143582953
778	41.17499999999997	-8.635000000000009	0.33297104565961827
779	41.17499999999997	-8.632500000000013	0.33786107279002753
780	41.17499999999997	-8.630000000000011	0.34471536598431085
781	41.17499999999997	-8.627500000000014	0.35217275823138805
782	41.17499999999997	-8.625000000000012	0.3511577615206979
783	41.17499999999997	-8.622500000000013	0.3053855610890935
784	41.17499999999997	-8.620000000000013	0.2637768285267632
785	41.17499999999997	-8.617500000000014	0.24339233017897938
786	41.17499999999997	-8.615000000000013	0.2243334286905438
787	41.17499999999997	-8.612500000000015	0.19640253222486115
788	41.17499999999997	-8.610000000000014	0.18882439321597794
789	41.17499999999997	-8.607500000000016	0.20837953161077272
790	41.17499999999997	-8.605000000000016	0.21185518639732182
791	41.17499999999997	-8.602500000000019	0.19562476065987183
792	41.17499999999997	-8.600000000000017	0.19558836394427048
793	41.17499999999997	-8.597500000000018	0.20934149315688158
794	41.17499999999997	-8.595000000000018	0.22292327811451282
795	41.17499999999997	-8.592500000000019	0.22992334303731765
796	41.17499999999997	-8.59000000000002	0.21426380076691162
797	41.17499999999997	-8.58750000000002	0.2129263872471519
798	41.17499999999997	-8.585000000000019	0.22093747972763925
799	41.17499999999997	-8.582500000000021	0.19450808304849315
800	41.17499999999997	-8.580000000000021	0.18307194458386106
801	41.17499999999997	-8.577500000000022	0.21100661857812145
802	41.17499999999997	-8.575000000000022	0.23671533003658243
803	41.17499999999997	-8.572500000000023	0.2543844608121315
804	41.17499999999997	-8.570000000000023	0.2913573132356293
805	41.17499999999997	-8.567500000000024	0.33955957873450665
806	41.17499999999997	-8.565000000000024	0.38723475643298894
807	41.17499999999997	-8.562500000000025	0.4418842139135484
808	41.17499999999997	-8.560000000000025	0.5015794645662491
809	41.17499999999997	-8.557500000000026	0.5649134106738471
810	41.17749999999997	-8.69	0.6963278957629825
811	41.17749999999997	-8.6875	0.6346655325421825
812	41.17749999999997	-8.685	0.5757084352475467
813	41.17749999999997	-8.682500000000001	0.5201145089091548
814	41.17749999999997	-8.680000000000001	0.46876346718614625
815	41.17749999999997	-8.677500000000002	0.4229359123877139
816	41.17749999999997	-8.675000000000002	0.38462688108789134
817	41.17749999999997	-8.672500000000003	0.3567454320737229
818	41.17749999999997	-8.670000000000002	0.3421435201498306
819	41.17749999999997	-8.667500000000004	0.3414506756374138
820	41.17749999999997	-8.665000000000003	0.3429982559451626
821	41.17749999999997	-8.662500000000005	0.3400451480521495
822	41.17749999999997	-8.660000000000005	0.36490986931207414
823	41.17749999999997	-8.657500000000006	0.38854119859140834
824	41.17749999999997	-8.655000000000006	0.41517257969405247
825	41.17749999999997	-8.652500000000009	0.4233313393863002
826	41.17749999999997	-8.650000000000007	0.38494368759535613
827	41.17749999999997	-8.647500000000008	0.35035813521010517
828	41.17749999999997	-8.645000000000008	0.3313492667858964
829	41.17749999999997	-8.642500000000009	0.33074781904651385
830	41.17749999999997	-8.64000000000001	0.32773274875938024
831	41.17749999999997	-8.63750000000001	0.3390478725525666
832	41.17749999999997	-8.635000000000009	0.3695398415119652
833	41.17749999999997	-8.632500000000013	0.4024725845644635
834	41.17749999999997	-8.630000000000011	0.4139926857781586
835	41.17749999999997	-8.627500000000014	0.40829303999682065
836	41.17749999999997	-8.625000000000012	0.3829125576578623
837	41.17749999999997	-8.622500000000013	0.33028855258866696
838	41.17749999999997	-8.620000000000013	0.2855372221541236
839	41.17749999999997	-8.617500000000014	0.26595323468851195
840	41.17749999999997	-8.615000000000013	0.23424697105299813
841	41.17749999999997	-8.612500000000015	0.21187378611838886
842	41.17749999999997	-8.610000000000014	0.21146672987753418
843	41.17749999999997	-8.607500000000016	0.231440280337139
844	41.17749999999997	-8.605000000000016	0.24883084815477247
845	41.17749999999997	-8.602500000000019	0.2593028334501219
846	41.17749999999997	-8.600000000000017	0.2600561795143216
847	41.17749999999997	-8.597500000000018	0.266448014537309
848	41.17749999999997	-8.595000000000018	0.25324001701019494
849	41.17749999999997	-8.592500000000019	0.2593186068446776
850	41.17749999999997	-8.59000000000002	0.24911121746513704
851	41.17749999999997	-8.58750000000002	0.25320559183572805
852	41.17749999999997	-8.585000000000019	0.255787888205516
853	41.17749999999997	-8.582500000000021	0.2479425638850974
854	41.17749999999997	-8.580000000000021	0.2411374191770373
855	41.17749999999997	-8.577500000000022	0.26162424741079193
856	41.17749999999997	-8.575000000000022	0.2629329046307055
857	41.17749999999997	-8.572500000000023	0.26963589698409346
858	41.17749999999997	-8.570000000000023	0.30923730159364504
859	41.17749999999997	-8.567500000000024	0.3653414736049468
860	41.17749999999997	-8.565000000000024	0.4203570550292258
861	41.17749999999997	-8.562500000000025	0.4734203403788593
862	41.17749999999997	-8.560000000000025	0.5308470629438342
863	41.17749999999997	-8.557500000000026	0.5917598854472759
864	41.179999999999964	-8.69	0.7338176346305986
865	41.179999999999964	-8.6875	0.6752417049419076
866	41.179999999999964	-8.685	0.6197166620754534
867	41.179999999999964	-8.682500000000001	0.5679526090345663
868	41.179999999999964	-8.680000000000001	0.5208781310690813
869	41.179999999999964	-8.677500000000002	0.4797347423169931
870	41.179999999999964	-8.675000000000002	0.4461475671762769
871	41.179999999999964	-8.672500000000003	0.4219947499231109
872	41.179999999999964	-8.670000000000002	0.4088722761245671
873	41.179999999999964	-8.667500000000004	0.4075130952798907
874	41.179999999999964	-8.665000000000003	0.4064197837376485
875	41.179999999999964	-8.662500000000005	0.407844664589987
876	41.179999999999964	-8.660000000000005	0.427685985779063
877	41.179999999999964	-8.657500000000006	0.4547091400856727
878	41.179999999999964	-8.655000000000006	0.4717047817991879
879	41.179999999999964	-8.652500000000009	0.45560596862509656
880	41.179999999999964	-8.650000000000007	0.4194832390624378
881	41.179999999999964	-8.647500000000008	0.3874755668510876
882	41.179999999999964	-8.645000000000008	0.3711236784586138
883	41.179999999999964	-8.642500000000009	0.3774382422826254
884	41.179999999999964	-8.64000000000001	0.38515445088594813
885	41.179999999999964	-8.63750000000001	0.39875792394513165
886	41.179999999999964	-8.635000000000009	0.42099615855697803
887	41.179999999999964	-8.632500000000013	0.4524908775205812
888	41.179999999999964	-8.630000000000011	0.46734976156811436
889	41.179999999999964	-8.627500000000014	0.4677969677663617
890	41.179999999999964	-8.625000000000012	0.42874687487029245
891	41.179999999999964	-8.622500000000013	0.37974460497524476
892	41.179999999999964	-8.620000000000013	0.3421055933756116
893	41.179999999999964	-8.617500000000014	0.3216562178933597
894	41.179999999999964	-8.615000000000013	0.2816808525380327
895	41.179999999999964	-8.612500000000015	0.24753762516517988
896	41.179999999999964	-8.610000000000014	0.24801680148693522
897	41.179999999999964	-8.607500000000016	0.2699405280316678
898	41.179999999999964	-8.605000000000016	0.30248573213289554
899	41.179999999999964	-8.602500000000019	0.3111819851619007
900	41.179999999999964	-8.600000000000017	0.32340901456392285
901	41.179999999999964	-8.597500000000018	0.31155808548534986
902	41.179999999999964	-8.595000000000018	0.3026333782542267
903	41.179999999999964	-8.592500000000019	0.3083354454506569
904	41.179999999999964	-8.59000000000002	0.3059857385131145
905	41.179999999999964	-8.58750000000002	0.3117763855237636
906	41.179999999999964	-8.585000000000019	0.3107277618792656
907	41.179999999999964	-8.582500000000021	0.3180635939135509
908	41.179999999999964	-8.580000000000021	0.31315895840428815
909	41.179999999999964	-8.577500000000022	0.3136108839306436
910	41.179999999999964	-8.575000000000022	0.31275194693486175
911	41.179999999999964	-8.572500000000023	0.3243657078651669
912	41.179999999999964	-8.570000000000023	0.3566600887690274
913	41.179999999999964	-8.567500000000024	0.4049434205798772
914	41.179999999999964	-8.565000000000024	0.46023852295327927
915	41.179999999999964	-8.562500000000025	0.5146444865000146
916	41.179999999999964	-8.560000000000025	0.5688612993968408
917	41.179999999999964	-8.557500000000026	0.6267360790097548
918	41.18249999999996	-8.69	0.7771342434750427
919	41.18249999999996	-8.6875	0.721790758418803
920	41.18249999999996	-8.685	0.6697968434234836
921	41.18249999999996	-8.682500000000001	0.6218644436603814
922	41.18249999999996	-8.680000000000001	0.5788795396773103
923	41.18249999999996	-8.677500000000002	0.5419310182436959
924	41.18249999999996	-8.675000000000002	0.5122913828939745
925	41.18249999999996	-8.672500000000003	0.49128984056421454
926	41.18249999999996	-8.670000000000002	0.4800849928903023
927	41.18249999999996	-8.667500000000004	0.4795433570229472
928	41.18249999999996	-8.665000000000003	0.4774907584564241
929	41.18249999999996	-8.662500000000005	0.4806103219908906
930	41.18249999999996	-8.660000000000005	0.4973921254085675
931	41.18249999999996	-8.657500000000006	0.5218229965571255
932	41.18249999999996	-8.655000000000006	0.5252570697547372
933	41.18249999999996	-8.652500000000009	0.4997276064093784
934	41.18249999999996	-8.650000000000007	0.4706698164450708
935	41.18249999999996	-8.647500000000008	0.44532457700713973
936	41.18249999999996	-8.645000000000008	0.43302121879024913
937	41.18249999999996	-8.642500000000009	0.4360879023992874
938	41.18249999999996	-8.64000000000001	0.4529454361256799
939	41.18249999999996	-8.63750000000001	0.46656489368295917
940	41.18249999999996	-8.635000000000009	0.4851021618836951
941	41.18249999999996	-8.632500000000013	0.510682231245023
942	41.18249999999996	-8.630000000000011	0.5192266856586797
943	41.18249999999996	-8.627500000000014	0.5214411139990633
944	41.18249999999996	-8.625000000000012	0.483364733567871
945	41.18249999999996	-8.622500000000013	0.4401443240649447
946	41.18249999999996	-8.620000000000013	0.405895380161892
947	41.18249999999996	-8.617500000000014	0.3792525841413366
948	41.18249999999996	-8.615000000000013	0.336969106288107
949	41.18249999999996	-8.612500000000015	0.3092225498470538
950	41.18249999999996	-8.610000000000014	0.3044544662846283
951	41.18249999999996	-8.607500000000016	0.32154516321777404
952	41.18249999999996	-8.605000000000016	0.3444376258332655
953	41.18249999999996	-8.602500000000019	0.3619895546097731
954	41.18249999999996	-8.600000000000017	0.38402441838844503
955	41.18249999999996	-8.597500000000018	0.37281731277538016
956	41.18249999999996	-8.595000000000018	0.366645585418692
957	41.18249999999996	-8.592500000000019	0.37251294022827103
958	41.18249999999996	-8.59000000000002	0.37111370927348086
959	41.18249999999996	-8.58750000000002	0.3766529225720325
960	41.18249999999996	-8.585000000000019	0.3765199326371465
961	41.18249999999996	-8.582500000000021	0.3865633650700037
962	41.18249999999996	-8.580000000000021	0.3886455243100979
963	41.18249999999996	-8.577500000000022	0.37701272803120667
964	41.18249999999996	-8.575000000000022	0.37703388234611634
965	41.18249999999996	-8.572500000000023	0.390064212113843
966	41.18249999999996	-8.570000000000023	0.4176794289933351
967	41.18249999999996	-8.567500000000024	0.4579871193176832
968	41.18249999999996	-8.565000000000024	0.5068690702041319
969	41.18249999999996	-8.562500000000025	0.5613688228743874
970	41.18249999999996	-8.560000000000025	0.6146513211359785
971	41.18249999999996	-8.557500000000026	0.6689863618255711
972	41.18499999999996	-8.69	0.82547729197308
973	41.18499999999996	-8.6875	0.7733702175364194
974	41.18499999999996	-8.685	0.7248361396462885
975	41.18499999999996	-8.682500000000001	0.6805509250797793
976	41.18499999999996	-8.680000000000001	0.6413152687908074
977	41.18499999999996	-8.677500000000002	0.6080524608981881
978	41.18499999999996	-8.675000000000002	0.5817716784252939
979	41.18499999999996	-8.672500000000003	0.5634846776482272
980	41.18499999999996	-8.670000000000002	0.5541003625231106
981	41.18499999999996	-8.667500000000004	0.5543630458364124
982	41.18499999999996	-8.665000000000003	0.5512198099182265
983	41.18499999999996	-8.662500000000005	0.555040642910414
984	41.18499999999996	-8.660000000000005	0.5699568229618213
985	41.18499999999996	-8.657500000000006	0.5898464982741228
986	41.18499999999996	-8.655000000000006	0.5765548492135856
987	41.18499999999996	-8.652500000000009	0.553611180286481
988	41.18499999999996	-8.650000000000007	0.5315944599331551
989	41.18499999999996	-8.647500000000008	0.5107573121239789
990	41.18499999999996	-8.645000000000008	0.5010163108296645
991	41.18499999999996	-8.642500000000009	0.5036837106721335
992	41.18499999999996	-8.64000000000001	0.5186890267667124
993	41.18499999999996	-8.63750000000001	0.5336000122312263
994	41.18499999999996	-8.635000000000009	0.552356921870581
995	41.18499999999996	-8.632500000000013	0.5758318328860843
996	41.18499999999996	-8.630000000000011	0.579034174382902
997	41.18499999999996	-8.627500000000014	0.5787658238345958
998	41.18499999999996	-8.625000000000012	0.542158748950636
999	41.18499999999996	-8.622500000000013	0.5024341655290274
1000	41.18499999999996	-8.620000000000013	0.4717102911483434
1001	41.18499999999996	-8.617500000000014	0.43742548419999694
1002	41.18499999999996	-8.615000000000013	0.4017637149173278
1003	41.18499999999996	-8.612500000000015	0.37994783788000475
1004	41.18499999999996	-8.610000000000014	0.375352424335507
1005	41.18499999999996	-8.607500000000016	0.387299632887247
1006	41.18499999999996	-8.605000000000016	0.40155844033629845
1007	41.18499999999996	-8.602500000000019	0.4264126496041347
1008	41.18499999999996	-8.600000000000017	0.43786854980194606
1009	41.18499999999996	-8.597500000000018	0.4371845919878857
1010	41.18499999999996	-8.595000000000018	0.4374760702884356
1011	41.18499999999996	-8.592500000000019	0.43956699414769534
1012	41.18499999999996	-8.59000000000002	0.43743616025098053
1013	41.18499999999996	-8.58750000000002	0.4436135327171643
1014	41.18499999999996	-8.585000000000019	0.4471092834933251
1015	41.18499999999996	-8.582500000000021	0.4584402663734475
1016	41.18499999999996	-8.580000000000021	0.4564406115563473
1017	41.18499999999996	-8.577500000000022	0.4468749639646271
1018	41.18499999999996	-8.575000000000022	0.44748206228992554
1019	41.18499999999996	-8.572500000000023	0.4597954928182657
1020	41.18499999999996	-8.570000000000023	0.4839083595549234
1021	41.18499999999996	-8.567500000000024	0.5186171415032026
1022	41.18499999999996	-8.565000000000024	0.5617207484368085
1023	41.18499999999996	-8.562500000000025	0.611085588223424
1024	41.18499999999996	-8.560000000000025	0.6651188471539358
1025	41.18499999999996	-8.557500000000026	0.7174825237894304
1026	41.187499999999964	-8.69	0.878106789445493
1027	41.187499999999964	-8.6875	0.8291405893567445
1028	41.187499999999964	-8.685	0.7838929506147647
1029	41.187499999999964	-8.682500000000001	0.7429833752734527
1030	41.187499999999964	-8.680000000000001	0.7071157994761396
1031	41.187499999999964	-8.677500000000002	0.6770650073068664
1032	41.187499999999964	-8.675000000000002	0.6536420392271036
1033	41.187499999999964	-8.672500000000003	0.6376378208282514
1034	41.187499999999964	-8.670000000000002	0.6297567688100358
1035	41.187499999999964	-8.667500000000004	0.630554647574308
1036	41.187499999999964	-8.665000000000003	0.6263724125929881
1037	41.187499999999964	-8.662500000000005	0.6304881173895787
1038	41.187499999999964	-8.660000000000005	0.6440291561860619
1039	41.187499999999964	-8.657500000000006	0.6539203980206041
1040	41.187499999999964	-8.655000000000006	0.6321860854827881
1041	41.187499999999964	-8.652500000000009	0.6139608790391227
1042	41.187499999999964	-8.650000000000007	0.5980918683480836
1043	41.187499999999964	-8.647500000000008	0.580405909666696
1044	41.187499999999964	-8.645000000000008	0.5724720854088163
1045	41.187499999999964	-8.642500000000009	0.5750899826526222
1046	41.187499999999964	-8.64000000000001	0.5863677862466115
1047	41.187499999999964	-8.63750000000001	0.6038491838621722
1048	41.187499999999964	-8.635000000000009	0.6192042224437033
1049	41.187499999999964	-8.632500000000013	0.6425698439759729
1050	41.187499999999964	-8.630000000000011	0.6424978083917687
1051	41.187499999999964	-8.627500000000014	0.6365635936130272
1052	41.187499999999964	-8.625000000000012	0.6031751789813369
1053	41.187499999999964	-8.622500000000013	0.5674584501240356
1054	41.187499999999964	-8.620000000000013	0.5394373065627862
1055	41.187499999999964	-8.617500000000014	0.5022446941755662
1056	41.187499999999964	-8.615000000000013	0.4722825559594848
1057	41.187499999999964	-8.612500000000015	0.45438632308627186
1058	41.187499999999964	-8.610000000000014	0.4503519148297824
1059	41.187499999999964	-8.607500000000016	0.457058971335797
1060	41.187499999999964	-8.605000000000016	0.4678051452019137
1061	41.187499999999964	-8.602500000000019	0.48976534598511073
1062	41.187499999999964	-8.600000000000017	0.4979923455325697
1063	41.187499999999964	-8.597500000000018	0.4990454910405275
1064	41.187499999999964	-8.595000000000018	0.5068886826652342
1065	41.187499999999964	-8.592500000000019	0.5100255568231715
1066	41.187499999999964	-8.59000000000002	0.5063810002964456
1067	41.187499999999964	-8.58750000000002	0.5122262309694995
1068	41.187499999999964	-8.585000000000019	0.5201971653817348
1069	41.187499999999964	-8.582500000000021	0.5312799926439509
1070	41.187499999999964	-8.580000000000021	0.5237382260877689
1071	41.187499999999964	-8.577500000000022	0.5200430960011514
1072	41.187499999999964	-8.575000000000022	0.5209077706536588
1073	41.187499999999964	-8.572500000000023	0.5320846596762119
1074	41.187499999999964	-8.570000000000023	0.5533527938670585
1075	41.187499999999964	-8.567500000000024	0.5838450741492338
1076	41.187499999999964	-8.565000000000024	0.6221805573545971
1077	41.187499999999964	-8.562500000000025	0.666862173615007
1078	41.187499999999964	-8.560000000000025	0.716576194144176
1079	41.187499999999964	-8.557500000000026	0.7702796468267621
