	objectid	name	x	y
0	1	Central Health Club	-8.59967334804466	41.15065864143929
1	2	Hotel Vila Galé Porto	-8.59913404163189	41.15071943174994
2	3	Académico Futebol Clube	-8.60184209882466	41.16342680336495
3	4	Ginásio Oxigénio - Fitness Club	-8.597661228672862	41.16042925938633
4	5	Escola de Ténis Nuno Allegro	-8.676483247614906	41.16172548965304
5	6	Centro Associativo dos Blocos Residênciais da Prelada	-8.636054772390034	41.16975093047502
6	7	Indoor Porto	-8.648968752752266	41.176755720566454
7	8	Recanto Desportivo de Ramalde do Meio	-8.640877249349705	41.17359765917187
8	9	Hombu Dojo	-8.58983143212675	41.15000107655102
9	10	Polidesportivo Exterior da Igreja da Lapa	-8.611958668568132	41.15752243267131
10	11	Parque Infantil da Esplanada da Luz	-8.678756813428981	41.15279598429089
11	12	Posto Náutico	-8.632457005580452	41.1464851235981
12	13	Uni-Yôga - Unidade do Campo Alegre	-8.637764111377265	41.15563277316763
13	14	Clube de Judo do Porto	-8.60365553748348	41.15025103379737
14	15	Recanto Desportivo de Sá da Bandeira	-8.60589028465783	41.1530515637514
15	16	Uni-Yôga - Unidade da Foz	-8.66797801773132	41.15305634495226
16	17	Foz Health Club	-8.670784106221607	41.15126900303841
17	18	Ginásio da Junta de Freguesia da Vitória	-8.61679448045104	41.144371865573625
18	19	Espaço de Desporto Informal da Lapa	-8.615432611299388	41.15711487862163
19	20	Recanto Desportivo de S. Francisco	-8.616133870818766	41.140379919720445
20	21	Recanto Desportivo do Largo de Miragaia	-8.620000879686094	41.14286879149062
21	22	Vidya - Academia de Yoga do Poto	-8.628962532479541	41.15675702218787
22	23	Cooperativa de Habitação Económica de Lordelo do Ouro - CHELOURO	-8.645284394235857	41.156387955706755
23	24	Recanto Desportivo do Bairro Antigo da Pasteleira	-8.657946511027902	41.15320707454836
24	25	Recanto Desportivo do Largo do Calém	-8.65438778363322	41.14814267065303
25	26	Espaço de Jogo e Recreio de Lordelo do Ouro	-8.648807311917237	41.14835252536371
26	27	Total Fitness Academia Desportiva	-8.60642765865204	41.163061981849516
27	28	Associação Bushidokan Artes Marciais	-8.584379699141339	41.18050981794638
28	29	Pavilhão Paróquia da Areosa	-8.585788959128443	41.17792963438774
29	30	Portyoga - Centro de Yoga	-8.623910914679614	41.16900780558458
30	31	Premier Transparente	-8.687850480412852	41.171529950100464
31	32	Studio do Corpo	-8.670604241461668	41.15814881336436
32	33	Virgin Active Health Club	-8.604743253410469	41.15020457330158
33	34	ES/3 Soares dos Reis	-8.601803325930025	41.150657353918845
34	35	Minicampo do Bonfim	-8.597090814650592	41.15303733513878
35	36	Minicampo de Lordelo do Ouro	-8.652596844058635	41.15486497434539
36	37	Recanto Desportivo do Bairro do Carvalhido	-8.622833748222336	41.169592846291195
37	38	Recanto Desportivo do Viso	-8.645927932458184	41.17941433478113
38	39	Vila Desportiva do Sport Club do Porto	-8.681816407196969	41.17175037733559
39	40	Quinta do Covelo	-8.605454154141862	41.167187367327166
40	41	Grupo Desportivo Santander Totta	-8.631574041938114	41.16120219624536
41	42	Jardim Infantil da Rua de Angola	-8.661330206671742	41.17054806262009
42	43	Polidesportivo Exterior da Fonte da Moura	-8.661262847509505	41.169720815196136
43	44	Polidesportivo Exterior Fonte da Moura 2	-8.662362464833675	41.171044421104554
44	45	EB1 Fonte da Moura	-8.662115853580065	41.17029123170866
45	46	EB1 António Aroso	-8.66906813341863	41.1685687786962
46	47	EB 2/3 Manoel de Oliveira	-8.666766443753987	41.16872065036864
47	48	APPACDM - Centro Maria Isabel Brito e Cunha	-8.66532015856311	41.16829917351237
48	49	Recanto Desportivo do Parque da Cidade	-8.672115424880188	41.16555359780803
49	50	ES/3 Garcia de Orta	-8.66899997192161	41.16198335218393
50	51	Esage II - Clínica Fisiátrica da Foz, Unip. Lda.	-8.67484735481739	41.16366865309157
51	52	Polidesportivo Exterior de António Aroso	-8.668872260915789	41.16814054128457
52	53	Polidesportivo Exterior Praceta da Cidade da Praia	-8.663542754623982	41.171548358719065
53	54	Polidesportivo Exterior da Cidade de Luanda	-8.66090252315776	41.171537374169525
54	55	Polidesportivo Exterior CETA	-8.665089978959662	41.17581974648783
55	56	Centro do Bem Estar Social N. S.ª do Socorro	-8.666957094710353	41.173486500867405
56	57	APPACDM - Centro Dr. Rui Abrunhosa	-8.668713163733255	41.17195371356798
57	58	Parque da Cidade	-8.67546656595276	41.16931405189589
58	59	Centro de Educação e Formação Profissional Integrada	-8.671892410075401	41.17277104981212
59	60	Colégio Luso Internacional do Porto - CLIP	-8.670323968635564	41.17391613816745
60	61	Hospital Magalhães Lemos	-8.666000763953088	41.17696605126159
61	62	Campo da Ervilha	-8.671472376650199	41.15988261157372
62	63	Yoga House - Antas	-8.589068066849492	41.166224109775285
63	64	Ginásio Duque de Saldanha	-8.597709751283174	41.14629817409322
64	65	Ginásio Delta	-8.59966876533793	41.154746974753984
65	66	Externato de Nossa Senhora da Paz	-8.603656110551707	41.15980060138626
66	67	Polidesportivo Exterior da Lomba	-8.591499956275104	41.147845854046956
67	68	Externato das Escravas do Sagrado Coração de Jesus	-8.596454374991806	41.160258260046916
68	69	EB1 Fernão Magalhães	-8.598479455948334	41.15384254612047
69	70	Jardim de Infância Dr. António Sousa	-8.597620733343893	41.15324006783655
70	71	EB 2/3 Dr. Augusto César Pires de Lima	-8.592441324318632	41.14906844582717
71	72	EB 2/3 Rainha Santa Isabel	-8.591818299010699	41.147280246228156
72	73	ES/3 Aurélia de Sousa	-8.599622688271891	41.160310812072524
73	74	EB/3 Alexandre Herculano	-8.594037299068429	41.14759522504603
74	75	EB1 da Alegria	-8.599900292045806	41.143897261926135
75	76	EB1 Campo 24 de Agosto	-8.598588570546692	41.14804736089028
76	77	EB1 Florinhas	-8.603295143987125	41.15479601622405
77	78	EB1 da Lomba	-8.589681029689906	41.14822375886442
78	79	Externato D. Dinis	-8.594250265897227	41.15010576524457
79	80	Externato Nossa Senhora do Perpétuo Socorro	-8.60245424091954	41.162948466756156
80	81	Externato Ribadouro	-8.604384509933258	41.15805158187231
81	82	Colégio Vieira de Castro	-8.601224475010655	41.15837533163934
82	83	Creche Infantário Flor de Abril	-8.600401329100754	41.1474699572323
83	84	Lar Nossa S.ª do Livramento	-8.599770180619657	41.150136877049654
84	85	EB1 Corujeira	-8.579470429251575	41.15599806520978
85	86	EB1 Falcão	-8.57480891078349	41.15903205692825
86	87	EB1/JI Flores	-8.589620161721276	41.155847077935704
87	88	EB1 S. João de Deus	-8.571971835958967	41.17771281774943
88	89	EB1 Montebello	-8.584651888457902	41.17138438280127
89	90	EB 2/3 Ramalho Ortigão	-8.58919506415272	41.15161868011589
90	91	ES/3 Oliveira Martins	-8.596042475710664	41.15868360442145
91	92	ES3 Cerco do Porto	-8.568689993197044	41.165177590943586
92	93	Polidesportivo Exterior do Lagarteiro	-8.567251342385088	41.15310447130132
93	94	Polidesportivo Exterior do Cerco do Porto	-8.569275889668306	41.16023942114675
94	95	Polidesportivo Exterior do Falcão	-8.57704213590554	41.1590207871099
95	96	Polidesportivo Exterior de Contumil	-8.58347029132973	41.16992231614587
96	97	Polidesportivo Exterior do Monte da Bela	-8.577692898694341	41.1555816602292
97	98	Polidesportivo Exterior de S. Vicente de Paulo	-8.578064056574696	41.15354335045444
98	99	Centro de Formação Profissional do Porto	-8.571578984435536	41.160372843386575
99	100	Piscina de Cartes	-8.573314964489809	41.15975721911534
100	101	Escola de Yôga - Antigo	-8.606004983019817	41.148878521486786
101	102	Instituto Profissional do Terço	-8.606516843461074	41.16133716592254
102	103	"Jardim de Infancia ""O Sol"" da Associação das Creches  de S. Vicente de Paulo"	-8.606093677956444	41.153738539713956
103	104	Jardim de Infancia Centro de Cultura e Desporto dos Trabalhadores CRSS	-8.604736917861624	41.15901397817269
104	105	Jardim de Infancia João das Regras	-8.611419491673463	41.15473032218657
105	106	Jardim de Infancia do Paraiso	-8.61066756378319	41.156641700504466
106	107	EB1 S. Nicolau	-8.617703482843615	41.14143227712049
107	108	Pavilhão do Parque das Camélias	-8.606107167046188	41.14372773502677
108	109	ES/3 Carlos Cal Brandão	-8.602027737449761	41.14449151680979
109	110	EB1/JI da Sé	-8.604580125460027	41.143047483341505
110	111	Oficina de S. José	-8.603450815977988	41.14305081433525
111	112	Jardim de Infância do Largo Actor Dias	-8.607344127377061	41.14275536659801
112	113	Círculo Católico de Operários do Porto	-8.604425388156589	41.14458520265697
113	114	Colégio Nossa Senhora da Esperança	-8.602380814398783	41.14524266034438
114	115	Jardim de Infância Centro Social da Sé Catedral do Porto	-8.610207960973277	41.141510343718956
115	116	Quartel da Brigada Territorial Nº 4 - GNR - Porto	-8.616892634783152	41.14770118600223
116	117	Jardim de Infancia da Vitória	-8.616266470432613	41.14919990077603
117	118	Espaço de Jogo e Recreio de Fernão Magalhães	-8.597545552506038	41.152959055766026
118	119	Polidesportivo Exterior da Quinta do Bonjóia	-8.579192882372466	41.15259249756173
119	120	Polícia da Bela Vista	-8.585844672500048	41.1583014465868
120	121	Pavilhão da Casa do Pinheiro Grande	-8.567500001384104	41.16022400979656
121	122	Espaço de Jogo e Recreio do Parque de S. Roque	-8.587330292440098	41.15836960135455
122	123	Colégio dos Órfãos do Porto	-8.594269949198933	41.14106210767357
123	124	Academia de Bailado Fernanda Canossa	-8.600017383835457	41.15762001234222
124	125	Colégio Cebes	-8.66630004472746	41.15734193937845
125	126	Colégio Cebes - Cadouços	-8.674796269003213	41.15243776649887
126	127	"Externato ""O Ramalhete"""	-8.671913885981276	41.149278575235094
127	128	Parque Urbano da Pasteleira	-8.657696842513005	41.15176890247065
128	129	EB1 Paulo da Gama	-8.660930580291248	41.14999419874818
129	130	Piscinas Eng.º Armando Pimentel	-8.661542343356288	41.1500810639883
130	131	Centro Social da Paróquia de Nossa Senhora da Ajuda	-8.659605152334333	41.15285891337203
131	132	Polidesportivo Exterior de D. Leonor	-8.660410023652302	41.14869107562736
132	133	EB1 Ponte	-8.660410067269202	41.161684901863445
133	134	Lawn Tennis Clube da Foz	-8.673578707956695	41.148789993897566
134	135	EB1 Pasteleira	-8.660323697500226	41.15467142731879
135	136	EB1 das Condominhas	-8.65449799561297	41.151193913480405
136	137	Colégio Júlio Dinis	-8.593099148776574	41.16720833185264
137	138	Piscinas do Fluvial	-8.654917891889676	41.150423866192824
138	139	Jardim de Infancia da Rua do Estoril	-8.654001709490263	41.15160708310042
139	140	Polidesportivo Exterior da Nova Pasteleira	-8.657741522025258	41.15303099295387
140	141	Polidesportivo Exterior de Pinheiro Torres	-8.6545161905908	41.153849160518945
141	142	Health Club Ipanema Park	-8.649808789757925	41.15467511664787
142	143	Clube Infante Sagres	-8.65543110375631	41.15992328367627
143	144	EB1 do Aleixo	-8.647142133485914	41.151047645127285
144	145	Polidesportivo Exterior do Aleixo II	-8.647288853537871	41.1502044400909
145	146	EB 2/3 Leonardo Coimbra (filho)	-8.654379461990905	41.15796905599233
146	147	Solinca - Porto Palácio Hotel	-8.638866852886615	41.15876172738119
147	148	Escola Francesa	-8.658955695378866	41.15727575954577
148	149	EB1 do Pinheiro	-8.612821235582613	41.15090663529575
149	150	EB1 Torrinha	-8.62389939011331	41.15393165542284
150	151	Escola Secundária Rodrigues de Freitas	-8.622548504728474	41.15416905630929
151	152	Instituto de S. Manuel	-8.624592848708966	41.15480728805355
152	153	EB1 Monte Aventino	-8.586445679295512	41.16202697460061
153	154	EB 2/3 Irene Lisboa	-8.612154136150867	41.160807641386796
154	155	Clube de Ténis do Porto	-8.613838028167198	41.16127983403792
155	156	Centro Cultural e Desportivo dos Trabalhadores da CMP	-8.615253495765005	41.15974033753527
156	157	EB 2/3 Carolina Michaelis	-8.62165833147511	41.15996326259624
157	158	Piscina Universitária do Porto	-8.620504736470995	41.15175265160179
158	159	Academia de Boxe	-8.617149159298405	41.164376809135916
159	160	Quartel do Batalhão dos Sapadores Bombeiros	-8.614439976129876	41.16472767776473
160	161	Academia Parnaso	-8.624942619810192	41.15955690177421
161	162	Extrenato Lúmen	-8.622233343066206	41.15656600736577
162	163	Instituto de Reinserção Social - Centro Educativo de Santo António	-8.616490377067496	41.15796267844692
163	164	Tetra Health Club	-8.630506493309952	41.163266433733426
164	165	Colégio Liverpool	-8.618773962965058	41.152199216749054
165	166	Centro de Dança do Porto	-8.619624663793719	41.161380792952755
166	167	Federação Portuguesa de Karate Shotokan	-8.631269687929848	41.16080448882398
167	168	ATL da Associação Criança e Vida	-8.620310583660498	41.15100080553366
168	169	Colégio Nossa Senhora do Sagrado Coração de Jesus	-8.622181433784013	41.16741014910387
169	170	Sabor Latino	-8.622030382713477	41.157538907212356
170	171	Academia Contemporânea do Espectáculo	-8.6157460286203	41.15094852800675
171	172	Jardim Infantil Ninho 2	-8.601432406600006	41.16371186350279
172	173	Manutenção Militar Sucursal do Porto	-8.652348300303837	41.14900811824375
173	174	Top Forma	-8.65932726666693	41.1623446033759
174	175	Estádio Universitário do Porto	-8.64323567962403	41.150796820414
175	176	Centro Cultural e Desportivo dos Trabalhadores da EDP	-8.648148941878146	41.14879268418575
176	177	EB1 João de Deus	-8.638328478236012	41.16177185618664
177	178	WellDomus	-8.661748582282335	41.16216127638511
178	179	EB1 de Lordelo	-8.648215203421818	41.153745634523204
179	180	EB1 Bom Sucesso	-8.629660527620597	41.1542134221961
180	181	Polidesportivo Exterior das Condominhas	-8.650569635691511	41.15199004056592
181	182	Recanto Desportivo da Alameda Basilio Teles	-8.632310576297414	41.14698933453998
182	183	EB 2/3 Infante D. Henrique	-8.625643734943019	41.15315641800261
183	184	Polidesportivo Exterior do Aleixo I	-8.647845653378132	41.15127333304523
184	185	Academia de Bailado Clássico Pirmin Treku	-8.63691686652831	41.1588225247207
185	186	Recanto Desportivo do Largo da Maternidade	-8.623536766369334	41.15028090453514
186	187	Clube	-8.636215127281902	41.15515762577106
187	188	Palácio de Cristal	-8.625942994255823	41.14683284669764
188	189	Pavilhão Rosa Mota	-8.62736126091106	41.14663859390721
189	190	Polidesportivo Exterior Adaptado de Vilar	-8.628040498537974	41.14948250462186
190	191	Polidesportivo Exterior do Campo Alegre	-8.63563967042995	41.156504160468735
191	192	Polidesportivo Exterior do Centro Social Paroquial do Santíssimo Sacramento	-8.634758803443201	41.158041772075286
192	193	Espaço Dança / Yoga House - Boavista	-8.630456439872198	41.15379962741462
193	194	Parque de Estacionamento do Campo Alegre	-8.634162737767815	41.15219670093153
194	195	Academia de Artes do Porto	-8.629015416391393	41.15393020957006
195	196	Jardim de Infância Barbosa Du Bocage	-8.63002443730651	41.153322879884946
196	197	Centro de Yoga Viniyoga do Porto	-8.629095537358753	41.153355273805126
197	198	Dance 4kids	-8.633345182428123	41.14804551341289
198	199	Oporto Cricket & Lawn Tennis Club	-8.636014483797394	41.15309739551548
199	200	Centro de Yoga Patanjali - Yoga Iyengar	-8.634400837079443	41.15329074595619
200	201	Colégio Alemão do Porto	-8.637506948675197	41.15431428782994
201	202	Patronato do Menino Jesus da Torre da Marca da Cruzada do Bem	-8.624096236575197	41.14864463753957
202	203	Ginásio da Associação de Moradores de Massarelos	-8.632422542872895	41.14731012690908
203	204	Premier Club	-8.629759034377733	41.15515147461623
204	205	Colégio de Nossa Senhora e Lourdes	-8.629424672535855	41.152239321083655
205	206	Reebok Training Center	-8.625570509231826	41.15131609664456
206	207	EB 2/3 Gomes Teixeira	-8.627153877113734	41.15302213113246
207	208	Ballet Teatro Contemporâneo do Porto	-8.614075537327194	41.141360947518315
208	209	Escola de Santa Maria	-8.636435206447516	41.158295834611536
209	210	Polidesportivo Exterior de Miragaia	-8.621860024413737	41.14514883132667
210	211	Filhas da Caridade Canossianas Missionárias	-8.622179126765499	41.14466151209169
211	212	Ginásio da Junta de Freguesia de Miragaia	-8.620666707536909	41.14397463572863
212	213	Instituto de Yoga Marlene Ashworth	-8.62352067274534	41.145429538546395
213	214	EB1 da Bandeirinha	-8.621499997852167	41.145071168052866
214	215	Colégio Horizonte	-8.617865163775035	41.14931720515884
215	216	EB 2/3 Miragaia	-8.619424049444254	41.14369363234194
216	217	Ciclovia da Marginal	-8.688036779236416	41.166839944098534
217	218	Recanto Desportivo de Montevideu	-8.687758105034826	41.165679020348
218	219	JI da Rua de Corte Real (Um Cantinho ao Sol)	-8.679693536475611	41.15928737414918
219	220	EB1 S. Miguel de Nevogilde	-8.679735171312226	41.15952366467323
220	221	Centro Social Paroquial S. Miguel de Nevogilde	-8.680370044404032	41.16221301643268
221	222	Grupo Lawn Tennis de Carreiros	-8.678572495504397	41.15712435949905
222	223	Academia de Dança Joana Reis	-8.679599116670746	41.15794591847875
223	224	Jardim Flóri	-8.679238825288019	41.157561705921054
224	225	Espaço de Jogo e Recreio do Homem do Leme	-8.685043459924339	41.15995945189203
225	226	EB1 Ribeiro de Sousa	-8.614026976374946	41.16589363298478
226	227	Externato Infantil O Petiz	-8.622579918498094	41.14928368948739
227	228	EB1 Caramila	-8.6227931731629	41.168428252632324
228	229	EB1 do Covelo	-8.609346100790281	41.16537522583726
229	230	Recanto Desportivo do Edifício Transparente	-8.687472367130596	41.170848237423954
230	231	ES/3 Filipa de Vilhena	-8.608505721433389	41.16608957709216
231	232	EB1 Costa Cabral	-8.599629802717482	41.166157571234315
232	233	ES/3 António Nobre	-8.600410515672651	41.16744034695982
233	234	EB1 Augusto Lessa	-8.600091964020509	41.17025772446984
234	235	EB 2/3 Paranhos	-8.6024415148886	41.17067146643476
235	236	EB1 Miosotis	-8.620893912853047	41.176498162135175
236	237	EB1 S. Tomé	-8.611532963598123	41.177625114791674
237	238	EB1 da Agra	-8.60932145004996	41.176318596614415
238	239	EB1 do Bom Pastor	-8.615011892669596	41.168365472890876
239	240	Centro Hípico do Sport Club do Porto	-8.617929817446909	41.16844902407955
240	241	Instituto de Acção Social das Forças Armadas - Centro de Apoio Social do Porto	-8.616156841051575	41.17026162569928
241	242	EB 2/3 Areosa	-8.590282565240642	41.17625334900129
242	243	Campo do Outeiro	-8.592467050792344	41.1757174669011
243	244	EB 2/3 Pêro Vaz de Caminha	-8.61499234874539	41.176906764086006
244	245	Colégio Luso-Francês	-8.61367026523986	41.177155341293904
245	246	Campo Municipal de Jogos de Campanhã	-8.572752613516192	41.15878614097898
246	247	Associação Nun’Álvares de Campanhã	-8.576318578727701	41.15749456243954
247	248	Vitória Sport Club S. Pedro de Campanhã	-8.574400213040898	41.14512299587781
248	249	EB 2/3 Nicolau Nasoni	-8.580054579394323	41.17229981277204
249	250	EB 2/3 Cerco do Porto	-8.568774435591655	41.163283831886254
250	251	Centro de Reabilitação de Paralisia Cerebral do Porto	-8.572169851272621	41.16198452764272
251	252	Monte Aventino	-8.589333890578406	41.16142099671952
252	253	EB1 da Azenha	-8.611638138404468	41.17979066791675
253	254	Campo Ruy Navega	-8.582563861141779	41.150878291135
254	255	Piscina de Campanhã	-8.589520169542375	41.150705351602895
255	256	Estádio do Dragão	-8.58376337934454	41.16179846828111
256	257	Solinca - Dragão	-8.583007358060975	41.16097874175766
257	258	Recanto Desportivo do Jardim de Belém	-8.584013685077613	41.172358418391156
258	259	EB1 Noeda	-8.582935250278432	41.14576026511601
259	260	Pavilhão da Casa das Glicínias	-8.581346904289541	41.1649337572698
260	261	EB1/JI Cerco do Porto	-8.567489884897352	41.16120748128571
261	262	EB1 Lagarteiro	-8.568072639305615	41.15291581302673
262	263	EB1/JI S. Roque da Lameira	-8.57283897763343	41.16620276146185
263	264	EB1 N.ª Senhora de Campanhã	-8.574410463182057	41.16567808622473
264	265	Centro Juvenil de Campanhã	-8.582926052688311	41.149919299350316
265	266	Jardim de Infância da Associação de Moradores de Pêgo Negro	-8.567283528237294	41.158982225146545
266	267	JI Centro Social do Bairro de S. Roque da Lameira	-8.575630051345966	41.16600394173828
267	268	Jardim de Infância da Rua Contumil	-8.581028357689108	41.1733688879065
268	269	Jardim de Infância Centro Infantil da Zona Justino Teixeira	-8.590827828450802	41.152562359198
269	270	Jardim de Infancia Associação dos Jardins Escola João de Deus	-8.618947523430707	41.16386291916125
270	271	EB1 Constituição	-8.617136045476453	41.163675645431375
271	272	Escola Profissional Infante D. Henrique	-8.618256180046838	41.15826718940101
272	273	Casa Nossa Senhora da Conceição - A.T.N.P.	-8.621767900745041	41.164986775209506
273	274	Escola de Artes Marciais Chinesas She-Si	-8.62699750102266	41.1586423989175
274	275	"Jardim de Infância ""O Patinhas"""	-8.627461695667511	41.15882312807442
275	276	Instituto Araújo Porto	-8.62461857636569	41.15512773037769
276	277	"Jardim de Infância ""A Minha Janela"" do Centro de Cultura e Desporto dos Trabalhadores CRSS"	-8.61946528100459	41.14996175464815
277	278	Polidesportivo Exterior da Pasteleira	-8.663706138765892	41.15184404251463
278	279	Recanto Desportivo do Bairro Social da Pasteleira	-8.663098147334736	41.15155093043641
279	280	Obra Diocesana de Promoção Social - Pasteleira	-8.661930905754419	41.15239334423728
280	281	Espaço de Jogo e Recreio da Associação de Moradores da Pasteleira	-8.663272865264014	41.151975514083176
281	282	Brasilia Fitness Club	-8.626954943072274	41.15641956091884
282	283	Estádio da Pasteleira	-8.663123916114756	41.153982937906335
283	284	"Centro Infantil ""O Tocas"""	-8.673665908323756	41.15077410739812
284	285	Centro Social da Foz do Douro	-8.671810784865233	41.14977001090744
285	286	Recanto Desportivo do Passeio Alegre	-8.67066069820355	41.14824512254318
286	287	Clube de Minigolfe do Porto	-8.671601083040645	41.14789633225243
287	288	EB1 S. João da Foz	-8.67039834952618	41.152041931066314
288	289	Escola EB 2/3 Francisco Torrinha	-8.672046668246951	41.15660827294026
289	290	Pinhais da Foz	-8.667980509973884	41.15550924181014
290	291	Place Foz Club	-8.665330394098616	41.15461688332268
291	292	Universidade Católica do Porto - Campus Foz	-8.672522590282627	41.153741971364944
292	293	Oporto British School	-8.673390576747643	41.1523434358552
293	294	Escola de Bailado Fátima Valle de Veiga	-8.678725719890247	41.15588224579896
294	295	"Estrela e Vigorosa Sport
Estrela e Vigorosa Sport"	-8.589352932062026	41.16782238566216
295	296	Campo Queirós Sobrinho	-8.61256098042142	41.18461549646428
296	297	Faculdade de Desporto da Universidade do Porto	-8.604085470017898	41.17871557683154
297	298	Escola Superior de Educação	-8.597831287505832	41.179631676549874
298	299	Polidesportivo Exterior do Bom Pastor	-8.613700440061141	41.168259154293416
299	300	Polidesportivo Exterior de Agra do Amial	-8.608437592389038	41.176643310842714
300	301	Polidesportivo Exterior de Santa Luzia	-8.624813782015481	41.17434137146198
301	302	Polidesportivo Exterior de S. Tomé	-8.611536676665258	41.17848756452297
302	303	Fashion Club	-8.597597775004564	41.16381759357093
303	304	Universidade Fernando Pessoa	-8.61081662774898	41.17346958734591
304	305	Balleteatro Auditório	-8.611859804517366	41.17092538792869
305	306	Polidesportivo Exterior do Carriçal	-8.612270033635367	41.179542036501836
306	307	Club Sportivo Nun´Álvares	-8.61741251958319	41.173497681058514
307	308	Ginásio de Manutenção do Porto	-8.606672661988766	41.163830412841996
308	309	Campo da Constituição	-8.607569937569876	41.16332649802157
309	310	"Jardim de Infância ""O Principezinho Encantado"""	-8.610200168947767	41.167429291976475
310	311	Escola Superior de Biotecnologia	-8.606457317268863	41.17699326156183
311	312	Ginásio Apólo, Lda	-8.590558410360916	41.168815314753566
312	313	Piscina da Constituição	-8.613867751246095	41.16517738340523
313	314	Colégio D. Duarte	-8.604022216853233	41.16299748482972
314	315	"Externato ""O Meu Lar"""	-8.591154477638275	41.16830552698072
315	316	"Jardim de Infância ""O Popas"""	-8.596576165178575	41.166405272320965
316	317	Escola da Associação de Jesus, Maria e José	-8.616076073621244	41.16567975355011
317	318	"Externato ""O Cantinho Escolar"""	-8.666169076227522	41.15738597231419
318	319	Instituto Politécnico do Porto	-8.597044869319436	41.18036628535651
319	320	"Jardim de Infância ""O Pom Pom"""	-8.61081619170527	41.16568362114999
320	321	Grande Colégio Universal	-8.615273546749263	41.15600053768797
321	322	Health Club São João	-8.601587838933787	41.18493486533043
322	323	Hotel Beta Porto	-8.614440202482106	41.1781212587664
323	324	Holmes Place da Constituição	-8.608795550724347	41.163019474464555
324	325	EB1 Campinas	-8.653043853893491	41.170663740849946
325	326	Jardim Infantil da Avenida Vasco da Gama	-8.65470570986069	41.16962583777363
326	327	Polidesportivo Exterior das Campinas	-8.651387679602525	41.16975271371796
327	328	EB1 Correios	-8.658687491636146	41.1731859152949
328	329	EB1 Padre Américo	-8.639479686309432	41.166433894524225
329	330	Polidesportivo Exterior de Francos	-8.639835102226881	41.16711276570532
330	331	EB1 Viso	-8.645884318794286	41.17816946116352
331	332	Polidesportivo Exterior do Viso	-8.64402270413972	41.17767596898748
332	333	EB1 das Cruzes	-8.641145908911785	41.17386764604258
333	334	EB1 Castelos	-8.629010583679722	41.16953820338514
334	335	EB 2/3 Clara de Resende	-8.645003656834508	41.16289464227041
335	336	Escola Secundária Fontes Pereira de Melo	-8.644370609255894	41.1643910802971
336	337	Estádio do Bessa Séc. XXI	-8.642578269567837	41.16224250412618
337	338	Centro Social e Paroquial de Nossa Senhora da Boavista	-8.646454451512811	41.161906009289595
338	339	EB 2/3 Viso	-8.639532111603188	41.17802233104682
339	340	EB 2/3 Maria Lamas	-8.633325640772181	41.17116385781956
340	341	EB1 Vilarinha	-8.66043400229285	41.16434334547894
341	342	Uni-Yôga - Unidade da Arca d´Água	-8.609843535657763	41.170566027764814
342	343	Academia de Ténis João Couto	-8.641407710343875	41.16394099511426
343	344	Uni-Yôga - Unidade das Antas	-8.591544164666091	41.167040291404916
344	345	Holmes Place Health Club - Boavista	-8.643101794023858	41.16160918478797
345	346	Colégio Nossa Senhora do Rosário	-8.656796826167621	41.16417631608627
346	347	Bombeiros Voluntários Portuenses	-8.641866863446259	41.171195117205336
347	348	Associação dos Deficientes das Forças Armadas	-8.630977354278468	41.166132555916356
348	349	Parque Desportivo de Ramalde - INATEL	-8.657319161531861	41.167858462736774
349	350	Campo Alberto Araújo	-8.650494842483463	41.16784640815996
350	351	Campo Sintético do Viso	-8.645029582104483	41.18190809495124
351	352	Polidesportivo Exterior de S. Eugénio	-8.638309052143951	41.18101180865536
352	353	Escola Prática de Transmissões	-8.64257101141356	41.18285593935301
353	354	Pavilhão do Viso	-8.64449775014676	41.18133972366299
354	355	Polidesportivo Exterior Central de Francos	-8.637590732789649	41.169199964173956
355	356	Espaço de Jogo e Recreio da Prelada	-8.636482950766556	41.169617688767744
356	357	Body Business	-8.64703539412574	41.176413065925246
357	358	Vitaminas - Ginásio Unipessoal	-8.649005960768514	41.17046950074096
358	359	Polidesportivo Exterior de Ramalde	-8.648634924000064	41.16967663234731
359	360	Associação Recreativa e Cultural Conjunto Dramático 26 de Janeiro	-8.638775676789644	41.1749953407034
360	361	Centro de Educação Física Jorge Santos	-8.651471521696482	41.16528183488482
361	362	Externato S. João de Brito	-8.653343854143861	41.165893854797865
362	363	Sheraton Porto - Hotel & SPA	-8.640425855457153	41.16105989235018
363	364	Ginásio Metafísica	-8.62846334891106	41.17713910173915
364	365	"Jardim de Infancia ""Os Estrunfos"" do Bairro das Campinas"	-8.651218222112462	41.169261997967816
365	366	Escola Infantil do Centro Social e Paroquial do Carvalhido	-8.625525629709788	41.16709848538227
366	367	Norte Soccer	-8.654977751732531	41.1756971735151
367	368	Power Soccer	-8.63214364018457	41.16897152225527
368	369	Sport Club do Porto	-8.606390980264012	41.1473142893348
369	370	EB1 Fontinha	-8.606734478606631	41.15500450738527
370	371	EB1 José Gomes Ferreira	-8.606561551920313	41.15948453208318
371	372	EB 2/3 Augusto Gil	-8.604425219704625	41.15287660061541
372	373	Gimnoporto - Ginásio de Manutenção	-8.604233657277078	41.15209729411889
373	374	Centro Bhárata - Centro de Yoga do Porto	-8.61034773270129	41.152937515023574
374	375	Centro de Yoga do Porto	-8.607349304655745	41.153859535874176
